StarID,JH
0,2.451
1,2.191
2,1.946
4,1.573
5,2.345
6,2.057
7,1.849
9,1.708
10,1.666
11,1.584
12,1.524
13,1.664
14,1.518
15,2.341
16,1.787
18,1.618
21,1.696
22,1.611
23,1.569
24,1.645
25,1.581
28,1.53
29,1.603
30,1.644
32,1.516
34,1.556
35,1.535
36,1.606
37,1.613
38,1.561
39,1.534
41,1.61
43,1.543
44,1.544
46,1.589
47,1.568
48,1.587
50,1.53
52,1.546
54,2.255
55,1.574
56,1.52
59,1.583
60,1.636
61,1.554
62,1.664
64,1.705
65,1.999
66,1.63
68,1.552
69,1.539
72,1.603
77,2.64
78,1.62
79,1.658
81,1.742
82,1.657
83,1.717
84,1.591
87,1.712
88,1.615
89,1.645
90,1.743
92,1.823
93,1.555
96,1.877
98,1.545
99,1.534
100,1.778
103,1.508
104,1.6
105,1.522
107,1.648
108,1.748
110,1.663
111,1.572
112,1.924
113,1.631
114,1.668
115,1.564
116,1.521
117,1.528
118,1.701
119,1.634
120,1.594
121,1.621
122,1.575
123,1.571
127,1.509
132,1.511
133,2.584
135,1.546
138,2.1
139,1.58
141,1.557
147,1.689
148,1.574
149,1.536
152,1.655
153,1.544
154,1.588
159,1.63
163,1.7
164,1.543
165,1.557
168,1.766
169,1.626
170,1.606
172,1.671
173,1.597
175,1.614
176,1.565
177,1.704
178,1.522
186,1.724
187,1.668
190,1.703
193,1.527
194,1.652
195,1.558
196,1.503
199,1.504
200,1.516
201,1.539
202,1.851
203,1.512
204,1.658
205,1.529
208,2.579
209,1.542
211,1.616
212,1.853
213,1.789
216,1.574
217,1.79
218,1.739
219,1.636
221,1.612
222,1.618
223,1.621
225,1.734
226,1.614
227,1.576
230,2.808
239,1.583
241,1.525
243,1.562
244,1.519
247,1.557
250,1.58
254,1.561
256,1.562
257,1.532
259,1.6
260,1.504
263,1.81
265,1.689
266,1.596
267,1.606
268,1.551
271,1.626
273,1.513
277,1.806
278,1.605
279,1.697
282,1.548
284,1.66
289,1.531
292,1.676
294,1.514
301,2.504
303,1.609
304,2.136
306,1.612
307,1.6
309,1.538
310,1.592
311,1.522
314,1.585
315,1.57
324,2.383
326,1.563
328,1.512
330,1.753
331,1.752
338,1.774
339,1.743
340,1.503
341,1.776
342,1.579
343,1.547
344,1.686
345,1.531
346,1.536
347,1.556
350,1.756
351,1.574
352,1.644
353,1.674
354,1.552
357,1.503
358,1.613
360,1.524
363,1.613
364,1.891
365,1.66
366,1.586
367,1.504
369,1.655
373,1.562
374,1.62
375,1.505
383,1.596
384,1.533
385,1.514
386,1.578
388,1.675
389,1.54
392,1.614
398,1.553
399,1.599
400,1.595
401,1.586
406,1.556
407,1.599
411,1.639
412,1.647
415,1.931
418,1.787
422,1.609
423,1.606
424,1.568
426,1.69
428,1.73
429,1.573
436,1.525
437,1.546
439,1.546
440,1.564
443,1.512
444,1.68
445,1.571
446,1.612
448,1.595
451,1.552
452,1.535
457,1.591
458,1.564
463,1.587
464,1.544
466,1.531
468,1.571
469,1.537
474,1.564
476,1.555
478,1.551
480,1.542
481,1.634
482,1.667
485,1.669
486,1.549
488,1.546
491,1.525
494,1.542
500,1.691
508,1.624
509,1.53
510,1.57
514,1.512
515,1.67
516,1.623
517,1.697
518,1.637
519,1.767
520,1.658
521,1.579
522,1.599
523,1.511
533,1.566
534,1.596
535,1.522
537,1.639
538,1.631
539,1.647
540,1.552
541,1.549
543,1.506
544,1.517
548,1.58
550,1.551
551,1.519
555,1.517
556,1.631
557,1.609
558,1.533
559,1.58
561,1.601
564,1.575
565,1.531
567,1.519
573,1.614
574,1.55
575,1.538
576,1.609
577,1.613
578,1.679
579,1.651
581,1.624
589,1.602
590,1.568
592,1.59
594,1.553
597,1.549
600,1.633
601,1.612
603,1.553
605,1.536
606,1.562
609,1.689
610,1.693
614,1.57
616,1.581
617,1.505
618,1.564
620,1.678
621,1.601
624,1.554
625,1.606
629,1.72
631,1.538
632,1.643
634,1.609
635,2.661
638,1.508
641,1.691
642,1.612
643,1.521
648,1.593
652,1.519
655,1.608
658,1.639
659,1.56
662,1.76
663,1.575
668,1.639
669,1.548
670,2.189
673,1.598
678,1.519
679,1.77
680,1.663
681,1.596
683,1.636
685,1.625
686,1.53
688,1.551
691,1.524
698,1.543
701,1.576
702,1.605
703,1.503
705,1.505
708,1.505
709,1.5
713,1.57
715,1.969
716,1.519
718,1.585
722,1.655
723,1.571
724,1.574
725,1.658
734,1.577
735,1.666
736,1.545
738,1.607
739,1.563
740,1.55
742,1.603
743,1.63
744,1.527
745,1.531
746,1.579
747,1.56
750,1.535
751,1.547
753,1.512
758,1.558
759,1.618
760,1.549
763,1.529
765,1.612
766,1.571
767,1.596
770,1.55
774,1.543
783,1.587
785,1.577
786,1.517
788,1.617
791,1.597
794,1.523
797,1.564
798,1.526
799,1.535
800,1.66
802,1.645
803,1.538
805,1.582
806,1.521
807,1.779
808,1.645
809,1.611
811,1.602
817,1.558
821,1.726
823,1.533
826,1.511
827,2.111
830,1.515
831,1.632
832,1.526
835,1.734
836,1.802
837,1.65
839,1.67
840,1.52
841,2.14
844,1.514
846,1.58
851,1.585
853,1.551
854,1.52
856,1.546
859,1.636
860,1.553
861,1.512
864,1.52
870,1.608
871,1.602
872,1.573
873,1.947
885,1.518
887,1.513
895,1.524
896,1.557
899,1.509
901,1.584
909,1.52
912,1.528
920,1.618
921,1.531
923,1.626
924,1.887
925,1.786
926,1.514
927,1.603
928,1.576
930,1.542
931,1.616
932,1.512
933,1.59
934,1.79
935,1.612
939,1.535
941,1.528
943,1.703
944,1.559
946,1.627
948,1.563
949,1.502
950,2.278
951,1.763
952,1.622
953,1.617
954,1.68
955,3.204
956,1.677
957,1.636
958,1.508
959,1.51
960,1.55
961,1.666
962,1.625
963,1.561
968,1.581
971,1.506
974,1.61
976,1.576
986,1.717
990,1.565
991,1.572
992,1.625
993,1.595
994,1.73
997,1.703
999,1.591
1001,1.68
1002,1.638
1003,1.658
1005,1.633
1007,1.672
1008,1.669
1009,1.786
1011,1.827
1015,1.784
1016,1.561
1018,1.552
1020,1.574
1022,1.565
1025,1.655
1026,1.748
1030,1.526
1044,1.657
1045,1.751
1046,1.542
1053,1.63
1055,1.656
1056,1.614
1058,1.645
1060,1.569
1061,1.53
1062,1.575
1063,1.644
1071,1.567
1076,1.526
1077,1.517
1080,1.538
1081,1.516
1083,1.64
1086,1.554
1091,1.615
1092,1.502
1094,1.678
1095,1.567
1097,1.725
1099,1.732
1102,1.689
1104,1.56
1105,1.592
1108,1.627
1110,1.628
1111,1.563
1113,1.512
1117,1.514
1118,1.669
1119,1.581
1121,1.557
1123,1.603
1124,1.571
1125,1.525
1127,1.737
1128,1.685
1129,1.827
1133,1.506
1134,1.598
1135,1.511
1136,1.595
1137,1.554
1139,1.501
1140,1.596
1143,1.551
1150,1.594
1151,1.509
1155,1.581
1156,1.781
1158,1.745
1159,1.635
1160,1.653
1161,1.573
1169,1.593
1173,1.535
1180,1.55
1181,1.645
1182,1.562
1183,1.519
1184,1.575
1185,1.522
1186,1.505
1187,1.503
1189,1.546
1191,1.627
1192,1.581
1198,1.534
1204,1.529
1205,1.568
1206,1.995
1207,1.516
1209,1.593
1210,1.576
1213,1.673
1216,1.537
1218,1.588
1219,1.57
1220,1.566
1221,1.511
1222,1.699
1226,1.5
1228,1.637
1229,1.558
1230,1.54
1231,1.525
1234,1.651
1238,1.537
1240,1.511
1241,1.527
1242,1.591
1247,1.53
1248,1.559
1252,1.503
1261,1.581
1262,1.536
1263,2.201
1264,1.576
1265,1.618
1267,1.54
1269,1.6
1273,1.578
1275,1.548
1276,1.646
1277,1.758
1281,1.822
1283,1.539
1289,1.51
1291,1.515
1292,1.575
1294,1.53
1297,1.501
1303,1.662
1306,1.561
1307,1.531
1308,1.575
1309,1.51
1311,1.596
1312,1.511
1314,1.522
1317,1.558
1321,1.626
1322,1.646
1325,1.593
1329,1.526
1331,1.502
1333,1.654
1334,1.616
1335,1.693
1336,1.557
1337,1.542
1339,1.528
1340,1.502
1341,1.539
1342,1.616
1350,1.574
1351,1.619
1360,1.586
1363,1.544
1364,1.613
1365,1.563
1371,1.539
1372,1.556
1374,1.633
1376,1.559
1385,1.737
1388,1.585
1393,1.511
1398,1.675
1399,1.541
1400,1.5
1408,1.555
1416,1.645
1420,1.605
1422,1.714
1425,1.77
1426,1.579
1427,1.561
1428,1.596
1429,1.517
1430,1.811
1433,1.655
1434,1.612
1437,1.6
1438,1.537
1442,1.586
1443,1.576
1445,1.604
1446,1.548
1447,1.622
1448,1.551
1449,1.577
1452,1.56
1458,1.518
1459,1.521
1461,1.539
1462,1.54
1463,1.532
1466,1.564
1468,1.516
1470,1.526
1476,1.622
1478,1.653
1481,1.65
1482,1.607
1484,1.553
1485,1.674
1486,1.556
1487,1.654
1488,1.845
1493,1.535
1494,1.637
1495,1.574
1496,1.572
1497,1.607
1500,1.635
1501,1.853
1503,1.531
1507,1.601
1508,1.575
1509,1.526
1511,1.616
1512,1.644
1513,1.622
1516,1.579
1517,1.54
1520,1.516
1523,1.549
1524,1.635
1525,1.593
1527,1.506
1530,1.643
1531,1.592
1532,1.63
1535,1.562
1539,1.584
1541,1.973
1542,1.665
1543,1.567
1544,1.749
1545,1.561
1546,1.565
1549,1.54
1556,1.531
1560,1.62
1561,1.576
1562,1.672
1563,1.526
1564,1.566
1567,1.54
1568,1.505
1569,1.523
1575,1.543
1580,1.504
1581,1.518
1582,1.559
1586,1.509
1587,1.561
1588,1.562
1591,1.561
1592,1.669
1593,1.764
1594,1.627
1595,1.597
1597,1.522
1598,1.53
1599,1.75
1600,1.519
1604,1.634
1606,1.651
1607,1.609
1608,1.65
1611,1.52
1612,1.507
1614,1.7
1621,1.511
1628,1.652
1629,1.581
1631,1.569
1632,1.679
1634,1.559
1636,2.658
1637,1.506
1638,1.52
1643,1.693
1645,1.553
1647,1.521
1652,1.584
1659,1.506
1662,1.767
1664,1.545
1666,1.518
1668,1.55
1670,1.506
1678,1.502
1684,1.606
1685,1.649
1686,1.625
1688,1.553
1689,1.514
1690,1.954
1691,1.562
1693,1.659
1695,1.523
1696,1.632
1697,1.552
1708,1.517
1709,1.537
1712,1.594
1714,1.555
1716,1.521
1719,1.524
1720,1.569
1722,1.547
1726,2.315
1732,1.545
1734,1.58
1736,1.698
1737,1.639
1739,1.533
1741,1.544
1742,1.561
1745,1.572
1746,1.575
1748,1.739
1749,1.57
1750,1.736
1752,1.557
1753,2.021
1754,1.589
1757,1.62
1759,1.6
1764,1.55
1766,1.539
1769,1.587
1772,1.576
1775,1.513
1778,1.557
1779,1.653
1786,1.782
1788,1.611
1790,2.059
1791,1.51
1793,1.549
1795,1.557
1798,1.623
1801,1.549
1805,1.522
1810,1.625
1811,1.537
1813,1.579
1815,1.543
1817,1.537
1818,1.691
1820,1.525
1822,1.542
1823,1.615
1826,1.655
1828,1.887
1829,1.505
1831,1.548
1835,1.524
1844,1.506
1846,1.505
1847,1.543
1852,1.518
1853,1.618
1854,1.515
1856,1.53
1857,1.613
1864,1.585
1865,1.64
1866,1.586
1867,1.555
1879,1.533
1882,1.555
1891,1.543
1894,1.547
1895,1.533
1899,1.674
1904,1.7
1913,1.591
1914,1.592
1915,1.559
1925,1.539
1931,1.504
1932,1.528
1934,1.556
1935,1.64
1940,1.552
1941,1.651
1942,1.651
1943,1.563
1944,1.541
1947,1.65
1950,1.723
1951,1.583
1952,1.624
1958,1.549
1960,1.513
1962,1.525
1965,1.61
1968,1.759
1971,1.572
1981,1.622
1983,1.512
1986,1.549
1989,1.627
1993,1.61
1997,1.625
1998,1.628
1999,1.517
2001,1.569
2002,1.594
2008,1.515
2013,1.546
2015,1.507
2018,1.524
2019,1.627
2020,1.62
2022,1.62
2023,1.597
2024,1.506
2025,1.574
2027,1.54
2028,1.508
2035,1.527
2046,1.523
2048,1.503
2049,1.527
2052,1.565
2059,1.531
2064,1.641
2071,1.508
2073,1.518
2074,1.569
2081,1.553
2083,1.517
2085,1.602
2086,1.622
2089,1.534
2090,1.528
2091,1.531
2094,1.52
2098,1.501
2107,1.561
2108,1.614
2110,1.677
2113,1.529
2115,1.633
2116,1.575
2117,1.502
2123,1.6
2124,1.616
2129,1.701
2130,1.54
2131,1.55
2133,1.635
2137,1.547
2142,1.508
2145,1.504
2146,1.616
2150,1.545
2157,1.853
2165,1.54
2167,1.508
2171,1.55
2173,1.587
2174,1.711
2178,1.526
2187,1.645
2193,1.82
2200,1.603
2202,1.738
2203,1.96
2206,1.679
2207,1.522
2208,1.552
2210,1.697
2213,1.595
2214,1.643
2220,1.528
2224,1.53
2226,1.521
2230,1.646
2233,1.556
2234,1.54
2239,1.532
2240,1.576
2242,1.532
2252,1.504
2255,1.5
2258,1.668
2265,1.642
2268,1.643
2270,1.653
2272,1.543
2273,1.605
2274,1.651
2275,1.654
2278,1.675
2279,1.616
2280,1.561
2283,1.545
2285,1.625
2288,1.531
2299,1.522
2301,1.534
2308,1.529
2309,1.547
2311,1.558
2312,1.557
2318,1.535
2321,1.557
2324,1.506
2325,1.559
2326,1.514
2341,1.516
2342,1.61
2343,1.586
2345,1.631
2347,1.515
2350,1.585
2353,1.663
2356,1.523
2360,1.602
2361,1.712
2363,1.557
2366,1.502
2369,1.524
2371,1.511
2374,1.523
2382,1.635
2383,1.579
2386,1.577
2392,1.577
2402,1.584
2403,2.283
2405,1.558
2406,1.563
2409,1.537
2411,1.593
2413,1.663
2414,1.58
2415,1.56
2416,1.725
2418,1.608
2420,1.593
2422,1.599
2423,1.661
2428,1.503
2434,1.635
2435,1.563
2440,1.52
2444,1.505
2445,1.605
2450,1.593
2452,1.541
2453,1.633
2454,1.577
2461,1.638
2463,1.603
2464,1.619
2467,1.582
2474,1.595
2475,1.6
2478,1.535
2495,1.533
2496,1.539
2507,1.569
2508,1.558
2509,1.554
2512,1.533
2513,1.58
2515,1.684
2516,1.721
2517,1.593
2528,1.549
2532,1.527
2534,1.541
2539,1.63
2540,1.514
2541,1.523
2543,1.557
2554,1.505
2555,1.506
2559,1.636
2561,1.588
2564,1.584
2566,1.628
2567,1.595
2579,1.558
2580,1.522
2582,1.53
2586,1.541
2592,1.506
2593,1.6
2594,1.519
2596,1.536
2599,1.518
2602,1.678
2609,1.501
2611,1.504
2612,1.532
2613,1.518
2618,1.655
2622,1.534
2624,1.537
2625,1.599
2626,1.546
2627,1.655
2629,1.644
2630,1.537
2631,1.591
2633,1.502
2634,1.543
2639,1.597
2645,1.507
2646,1.572
2650,1.546
2657,1.616
2659,1.5
2660,1.581
2662,1.643
2663,1.612
2665,1.805
2666,1.775
2667,1.571
2668,1.568
2669,1.642
2671,1.532
2673,1.578
2675,1.524
2679,1.553
2681,1.66
2682,1.581
2683,1.603
2684,1.567
2691,1.568
2696,1.504
2697,1.742
2698,1.531
2705,1.549
2706,1.593
2709,1.641
2714,1.537
2719,1.616
2728,1.514
2730,1.569
2734,1.547
2735,1.872
2736,1.717
2737,1.649
2738,1.576
2739,1.578
2740,1.501
2746,1.528
2754,1.586
2759,1.601
2761,1.505
2768,1.956
2775,1.628
2776,1.511
2777,1.567
2778,1.614
2781,1.565
2783,1.708
2785,1.952
2789,1.548
2794,1.505
2798,1.591
2799,1.556
2802,1.584
2805,1.513
2818,1.551
2819,1.508
2822,1.617
2826,1.609
2832,1.506
2834,1.557
2839,1.548
2844,1.51
2846,1.521
2851,1.523
2852,1.552
2853,1.778
2857,1.506
2858,1.634
2861,1.615
2863,1.596
2867,1.53
2880,1.704
2882,1.675
2884,1.659
2887,1.536
2890,1.536
2893,1.52
2900,1.521
2906,1.562
2907,1.88
2908,1.538
2909,1.64
2910,1.55
2919,1.74
2920,1.542
2921,1.548
2923,1.57
2927,1.756
2930,1.552
2933,1.595
2935,1.512
2938,1.52
2939,1.725
2940,1.615
2942,2.079
2945,1.537
2948,1.533
2950,1.733
2951,1.585
2952,1.512
2958,1.508
2960,1.507
2961,1.537
2964,1.639
2967,1.535
2969,1.536
2971,1.504
2972,1.68
2978,1.511
2982,1.519
2983,1.572
2990,1.601
2991,1.562
2993,1.516
2994,1.784
2995,1.603
2996,1.564
2997,1.512
2998,1.925
2999,1.844
3001,1.564
3005,1.566
3006,1.536
3019,1.54
3020,1.662
3021,1.528
3032,1.511
3041,1.577
3045,1.575
3059,1.507
3060,1.603
3061,1.543
3064,1.697
3067,1.68
3073,1.598
3074,1.544
3075,1.554
3076,1.506
3078,1.58
3082,1.528
3085,1.606
3089,1.514
3096,1.601
3101,1.559
3103,1.5
3106,1.782
3111,1.501
3112,1.636
3115,1.58
3121,1.609
3122,1.57
3124,1.568
3129,1.508
3130,1.554
3131,1.522
3133,1.526
3134,1.703
3135,1.897
3136,1.575
3138,1.61
3139,1.504
3145,1.535
3146,1.592
3147,1.528
3152,1.585
3153,1.592
3154,1.566
3159,1.654
3160,1.633
3162,1.755
3163,1.553
3164,1.528
3165,1.532
3166,1.562
3167,1.578
3175,1.533
3179,1.529
3182,1.574
3183,1.512
3185,1.568
3190,1.806
3191,1.583
3195,1.528
3200,1.739
3201,1.551
3203,1.542
3204,1.615
3205,1.556
3208,1.51
3215,1.536
3218,1.907
3223,1.573
3227,1.538
3228,1.661
3229,1.511
3230,1.517
3232,1.517
3233,1.527
3246,1.63
3247,1.519
3251,1.51
3253,1.659
3256,1.518
3257,1.613
3259,1.561
3262,1.515
3263,1.519
3264,1.565
3267,1.534
3272,1.547
3275,1.667
3276,1.521
3281,1.557
3282,1.543
3285,1.521
3294,1.581
3295,1.6
3300,1.566
3305,1.552
3308,1.539
3314,1.509
3316,1.562
3336,1.514
3338,1.608
3342,1.541
3343,1.56
3345,1.539
3347,1.664
3348,1.618
3353,1.531
3354,1.525
3358,1.511
3364,1.503
3365,1.541
3369,1.62
3372,1.531
3373,1.518
3375,1.54
3384,1.582
3385,1.501
3386,1.522
3389,1.55
3391,1.601
3392,1.519
3401,1.568
3403,1.526
3409,1.521
3412,1.52
3418,1.524
3422,1.59
3425,1.505
3427,1.53
3431,1.539
3432,1.556
3433,1.531
3434,1.551
3437,1.535
3442,1.528
3443,1.753
3446,1.588
3447,1.671
3448,1.565
3449,1.62
3451,1.589
3463,1.6
3464,1.677
3465,1.522
3469,1.618
3470,1.597
3476,1.528
3479,1.574
3485,1.569
3488,1.516
3491,1.648
3492,1.764
3494,1.63
3496,1.546
3497,1.516
3501,1.508
3510,1.522
3513,1.533
3514,1.501
3515,1.508
3517,1.776
3518,1.675
3521,1.572
3522,1.53
3523,1.51
3530,1.594
3535,1.686
3540,1.766
3542,1.596
3543,1.593
3545,1.516
3546,1.573
3548,1.547
3550,1.573
3551,1.634
3552,1.539
3553,1.54
3558,1.523
3566,1.519
3568,1.549
3570,1.589
3571,1.562
3572,1.512
3574,1.581
3579,1.579
3581,1.563
3584,1.546
3586,1.615
3601,1.756
3602,1.679
3603,1.629
3605,1.522
3606,1.632
3607,1.631
3608,1.878
3609,1.562
3611,1.531
3613,1.504
3616,1.716
3617,1.633
3618,1.547
3622,1.554
3623,1.504
3625,1.5
3628,1.677
3632,1.52
3633,1.501
3634,1.511
3635,1.532
3641,1.61
3644,1.556
3645,1.539
3646,1.505
3650,1.58
3653,1.536
3659,1.545
3661,1.501
3666,1.588
3668,1.591
3670,1.601
3671,1.625
3672,1.566
3673,1.595
3674,1.872
3675,1.628
3676,1.535
3677,1.618
3678,1.578
3680,1.548
3683,1.713
3684,1.514
3685,1.5
3690,1.501
3691,1.593
3693,1.569
3694,1.507
3695,1.559
3697,1.536
3698,1.576
3699,1.56
3702,1.617
3703,1.514
3704,1.767
3705,1.555
3706,1.553
3707,1.606
3708,1.589
3709,1.55
3711,1.503
3717,1.512
3718,1.604
3729,1.667
3733,1.793
3734,1.513
3736,1.642
3737,1.685
3747,1.519
3757,1.527
3760,1.557
3761,1.974
3762,1.565
3771,1.606
3774,1.594
3775,1.54
3787,1.632
3788,1.517
3789,1.548
3794,1.559
3795,1.604
3798,1.515
3799,1.523
3801,1.538
3803,1.588
3804,1.547
3805,1.612
3808,1.524
3815,1.591
3826,1.524
3828,1.525
3831,1.541
3832,1.598
3836,1.531
3851,1.894
3853,1.51
3857,1.526
3858,1.502
3859,1.525
3865,1.616
3870,1.52
3882,1.507
3883,1.548
3884,1.522
3885,1.573
3887,1.518
3888,1.543
3889,1.536
3892,1.545
3893,1.569
3901,1.863
3904,1.519
3905,1.565
3915,1.579
3916,1.639
3918,1.562
3919,1.581
3920,1.519
3927,1.518
3934,1.589
3935,1.503
3943,1.506
3945,1.526
3947,1.519
3948,1.503
3950,1.666
3951,1.659
3956,1.521
3957,1.579
3959,1.535
3960,1.919
3961,1.533
3962,1.584
3966,1.52
3968,1.942
3969,1.586
3970,1.639
3974,1.545
3975,1.686
3978,1.599
3983,1.583
3989,1.527
4000,1.505
4001,1.582
4011,1.569
4012,1.851
4018,1.578
4023,1.608
4025,1.525
4038,1.658
4043,1.671
4044,1.578
4045,1.535
4046,1.513
4047,1.567
4048,1.604
4049,1.628
4052,1.598
4053,1.544
4054,1.525
4056,1.51
4057,1.547
4061,1.515
4067,1.509
4068,1.549
4070,1.51
4071,1.529
4076,1.513
4077,1.564
4079,1.526
4080,1.545
4081,1.583
4083,1.516
4084,1.545
4085,1.529
4097,1.539
4098,1.586
4100,1.594
4106,1.586
4109,1.993
4110,1.6
4111,1.697
4113,1.559
4114,1.6
4115,1.599
4116,1.52
4117,1.509
4120,1.608
4121,1.636
4130,1.597
4134,1.604
4136,1.575
4143,1.619
4146,1.535
4147,1.624
4152,1.58
4153,1.663
4157,1.582
4159,1.584
4160,1.544
4161,1.621
4165,1.554
4169,1.626
4172,1.55
4173,1.699
4175,1.578
4176,1.553
4177,1.631
4179,1.539
4180,1.566
4183,1.582
4188,1.532
4190,1.577
4205,1.588
4210,1.52
4212,1.578
4214,1.562
4216,1.69
4217,1.592
4219,1.564
4220,1.543
4221,1.595
4222,1.554
4223,1.53
4227,1.53
4230,1.517
4232,1.563
4238,1.543
4240,1.598
4241,1.684
4242,1.804
4243,1.595
4246,1.526
4250,1.588
4252,1.595
4254,1.53
4260,1.556
4261,1.679
4263,1.519
4265,1.727
4269,1.541
4271,1.58
4272,1.532
4273,1.529
4278,1.513
4281,1.518
4282,1.637
4283,1.557
4285,1.538
4287,1.541
4290,1.52
4291,1.502
4301,1.522
4304,1.626
4305,1.558
4308,1.673
4310,1.52
4312,1.623
4314,1.653
4315,1.514
4317,1.56
4318,1.636
4325,1.506
4331,1.528
4337,1.617
4338,1.625
4340,1.502
4341,1.631
4344,1.579
4348,1.546
4350,1.636
4351,1.529
4352,1.543
4358,1.536
4363,1.518
4364,1.783
4365,1.564
4366,1.868
4367,1.584
4368,1.561
4370,2.045
4371,1.587
4372,1.818
4373,1.709
4374,1.773
4379,1.591
4381,1.583
4382,1.663
4383,1.587
4386,1.558
4389,1.54
4393,1.668
4394,1.505
4396,1.561
4397,1.63
4398,1.657
4399,1.683
4400,1.552
4401,1.857
4403,1.802
4404,1.669
4405,1.727
4407,1.532
4408,1.676
4410,1.797
4411,1.605
4412,1.891
4414,1.528
4415,1.602
4416,1.737
4417,1.596
4418,1.619
4421,1.716
4422,1.674
4423,1.877
4424,1.536
4425,1.59
4427,1.664
4428,1.69
4429,1.568
4430,1.636
4431,1.698
4432,1.598
4433,1.628
4434,1.84
4435,1.539
4437,1.728
4438,1.642
4439,1.533
4440,1.505
4441,1.66
4442,1.648
4447,1.548
4451,1.593
4453,1.557
4455,1.571
4460,1.601
4469,1.517
4473,1.502
4478,1.598
4480,1.511
4485,1.623
4486,1.571
4488,1.523
4489,1.521
4493,1.552
4494,1.522
4504,1.567
4510,1.564
4512,1.524
4516,1.551
4518,1.585
4519,1.506
4527,1.571
4528,1.524
4531,1.503
4532,1.502
4533,1.512
4534,1.528
4535,1.522
4537,1.528
4542,1.618
4543,1.503
4546,1.505
4554,1.502
4559,1.514
4580,1.525
4582,1.592
4586,1.522
4590,1.534
4592,1.522
4593,1.657
4595,1.607
4596,1.544
4597,1.583
4602,1.505
4604,1.844
4607,1.521
4613,1.624
4614,1.5
4619,1.51
4621,1.609
4624,1.513
4629,1.506
4631,1.533
4639,1.548
4640,1.503
4647,1.515
4648,1.595
4649,1.542
4650,1.528
4655,1.527
4659,1.527
4661,1.505
4669,1.553
4672,1.503
4673,1.621
4681,1.561
4683,1.534
4684,1.61
4689,1.587
4694,1.506
4695,1.593
4696,1.515
4699,1.506
4700,1.628
4704,1.516
4707,1.582
4712,1.659
4714,1.512
4716,1.593
4718,1.546
4719,1.533
4721,1.502
4722,1.583
4723,1.668
4724,1.765
4727,1.597
4728,1.784
4729,1.61
4733,1.57
4734,1.553
4737,1.576
4738,1.515
4739,1.565
4740,1.567
4741,1.568
4742,1.665
4744,1.556
4745,1.747
4749,1.636
4750,1.62
4752,1.703
4754,1.508
4755,1.604
4762,1.706
4773,1.544
4776,1.506
4780,1.63
4783,1.635
4785,1.825
4786,1.711
4815,1.8
4816,1.532
4817,1.503
4819,1.505
4822,1.536
4825,1.533
4837,1.546
4839,1.524
4846,1.511
4847,1.788
4848,1.713
4850,1.571
4865,1.525
4867,1.608
4868,1.722
4869,1.614
4870,1.692
4871,1.565
4872,1.569
4873,1.594
4876,1.536
4877,1.548
4882,1.621
4883,1.618
4892,1.579
4894,1.58
4895,1.565
4896,1.529
4897,1.601
4898,1.629
4899,1.522
4901,1.556
4904,1.546
4905,1.572
4907,1.502
4916,1.673
4920,1.5
4930,1.708
4933,1.504
4934,1.587
4938,1.509
4943,1.686
4951,1.51
4955,1.84
4960,1.545
4967,1.569
4968,1.581
4969,1.582
4975,1.571
4977,1.643
4980,1.639
4982,1.607
4983,1.56
4984,1.507
4985,1.604
4986,1.556
4987,1.533
4989,1.594
4990,1.584
4991,1.695
4992,1.919
4993,1.569
4994,1.616
4995,1.681
4996,1.823
4998,1.524
5000,1.543
5001,1.519
5005,1.585
5007,1.519
5011,1.535
5013,1.515
5020,1.503
5022,1.566
5023,1.585
5024,1.532
5026,1.52
5027,1.523
5029,1.503
5030,1.517
5035,1.509
5050,1.575
5051,1.511
5052,1.536
5075,1.502
5083,1.574
5089,1.507
5090,1.584
5107,1.552
5109,1.547
5115,1.55
5116,1.897
5118,1.553
5119,1.557
5125,1.787
5129,1.585
5133,1.532
5149,1.567
5150,1.622
5152,1.557
5153,1.656
5155,1.54
5156,1.506
5158,1.627
5161,1.51
5163,1.848
5164,1.617
5168,1.562
5169,1.607
5178,1.566
5180,1.785
5182,1.887
5183,1.684
5185,1.5
5187,1.594
5190,1.874
5200,1.512
5207,1.563
5208,1.55
5212,1.514
5215,2.014
5221,1.668
5223,1.621
5224,1.6
5227,1.567
5238,1.534
5240,1.53
5249,1.564
5251,1.518
5252,1.526
5254,1.526
5256,1.532
5257,1.536
5259,1.505
5260,1.604
5266,1.536
5276,1.503
5282,1.539
5283,1.585
5288,1.531
5291,1.515
5295,1.575
5300,1.544
5306,1.541
5314,1.534
5317,1.525
5319,1.574
5320,1.568
5323,1.505
5328,1.528
5329,1.552
5330,1.583
5331,1.546
5335,1.531
5339,1.549
5341,1.512
5344,1.611
5346,1.542
5348,1.509
5349,1.592
5350,1.513
5357,1.585
5359,1.578
5365,1.548
5366,1.514
5367,1.653
5370,1.518
5371,1.534
5376,1.565
5378,1.547
5379,1.549
5382,1.737
5383,1.506
5387,1.509
5393,1.501
5399,1.531
5404,1.524
5405,1.569
5406,1.514
5417,1.542
5419,1.562
5422,1.558
5426,1.515
5428,1.527
5435,1.54
5437,1.554
5438,1.676
5439,1.559
5440,1.536
5444,1.536
5450,1.625
5451,1.549
5454,1.503
5463,1.502
5469,1.503
5470,1.551
5478,1.783
5479,1.619
5480,1.522
5481,1.535
5482,1.68
5483,1.601
5484,1.663
5486,1.558
5488,1.563
5490,1.546
5491,1.628
5492,1.589
5493,1.605
5498,1.509
5499,1.524
5500,1.603
5508,1.56
5509,1.539
5515,1.516
5517,1.54
5521,1.593
5531,1.543
5538,1.536
5539,1.632
5543,1.593
5547,1.709
5550,1.706
5551,1.55
5553,1.57
5554,1.592
5556,1.543
5559,1.517
5566,1.505
5567,1.563
5568,1.774
5569,1.58
5575,1.819
5579,1.548
5580,1.608
5581,1.638
5582,1.886
5583,1.6
5584,1.581
5585,1.747
5586,1.606
5587,1.854
5590,1.52
5591,1.588
5593,1.576
5595,1.514
5600,1.562
5601,1.525
5608,1.512
5609,1.529
5610,1.577
5611,1.583
5616,1.579
5622,1.516
5625,1.57
5628,1.607
5635,1.545
5636,1.575
5638,1.807
5640,1.534
5641,1.917
5642,1.574
5647,1.514
5650,1.516
5652,1.557
5654,1.5
5661,1.58
5664,1.525
5670,1.512
5672,1.584
5674,1.56
5676,1.724
5677,1.517
5680,1.569
5689,1.562
5692,1.56
5699,2.049
5701,1.53
5703,1.519
5709,1.511
5710,1.587
5713,1.642
5714,1.686
5716,1.746
5721,1.549
5726,1.525
5733,1.593
5738,1.534
5739,1.511
5746,1.75
5753,1.524
5755,1.555
5756,1.504
5758,1.745
5762,1.651
5765,1.667
5767,1.563
5768,1.618
5769,1.545
5782,1.571
5784,1.852
5786,1.793
5787,1.531
5801,1.544
5804,1.562
5806,1.537
5809,1.585
5812,1.502
5813,1.555
5814,1.897
5815,1.573
5816,1.562
5817,1.515
5821,1.509
5830,1.557
5831,1.558
5834,1.631
5835,1.518
5837,1.584
5839,1.531
5840,1.975
5852,1.633
5861,1.542
5864,1.52
5867,1.585
5868,1.606
5869,1.515
5870,1.577
5881,1.509
5884,1.611
5886,1.621
5887,1.536
5888,1.644
5893,1.524
5902,1.591
5911,1.599
5912,1.65
5915,1.541
5917,1.521
5923,1.694
5925,1.561
5926,1.64
5933,1.52
5943,1.506
5944,1.547
5949,1.587
5952,1.543
5957,1.673
5962,1.528
5963,1.511
5965,1.502
5968,1.581
5970,1.586
5971,1.632
5972,1.54
5988,1.517
5989,1.517
5990,1.534
5995,1.533
5998,1.682
6000,1.504
6001,1.597
6002,1.539
6003,1.545
6004,1.631
6006,1.533
6008,1.568
6009,1.536
6013,1.641
6014,1.535
6016,1.558
6024,1.518
6029,1.502
6030,1.561
6032,1.552
6033,1.59
6035,1.512
6040,1.589
6049,1.518
6057,1.564
6058,1.627
6059,1.595
6074,1.531
6076,1.501
6079,1.519
6081,1.522
6084,1.514
6088,1.52
6089,1.64
6090,1.621
6092,1.534
6093,1.674
6094,1.513
6095,1.585
6096,1.58
6099,1.768
6102,1.58
6104,1.514
6105,1.529
6115,1.54
6116,1.519
6120,1.549
6133,1.586
6134,1.512
6141,1.526
6143,1.576
6144,1.552
6146,1.574
6147,1.521
6158,1.519
6175,1.5
6177,1.518
6181,1.627
6183,1.558
6184,1.621
6186,1.52
6187,1.508
6192,1.569
6196,1.528
6200,2.214
6210,1.638
6211,1.979
6213,1.504
6218,1.506
6221,1.645
6224,1.506
6230,1.603
6236,1.513
6241,1.538
6247,1.586
6251,1.572
6252,1.723
6253,1.533
6255,2.013
6258,1.606
6263,1.545
6264,1.533
6265,1.52
6268,1.609
6271,1.651
6273,1.504
6281,1.522
6286,1.654
6287,1.566
6291,1.5
6292,1.522
6296,1.506
6298,1.554
6303,1.542
6307,1.506
6308,1.501
6311,1.522
6319,1.597
6320,2.095
6321,1.511
6323,1.557
6324,1.529
6329,1.526
6332,1.585
6333,1.62
6334,1.583
6337,1.62
6344,1.593
6347,1.727
6348,1.733
6351,1.551
6353,1.686
6356,1.531
6359,1.56
6362,1.567
6366,1.525
6367,1.548
6368,1.579
6369,1.598
6370,1.501
6372,1.609
6373,1.515
6374,1.568
6376,1.632
6377,1.534
6379,1.559
6380,1.538
6381,1.519
6384,1.648
6385,1.511
6386,1.565
6387,1.651
6389,1.536
6394,1.552
6395,1.519
6406,1.596
6409,1.546
6411,1.636
6415,1.576
6416,1.524
6417,1.505
6419,1.672
6421,1.541
6422,1.513
6433,1.675
6438,1.526
6439,1.551
6440,1.686
6442,1.501
6444,1.548
6456,1.532
6460,1.83
6461,1.579
6462,1.594
6463,1.619
6465,1.864
6469,1.553
6471,1.658
6472,1.657
6473,1.598
6474,1.549
6475,1.682
6476,1.615
6485,1.518
6493,1.644
6495,1.728
6501,1.629
6504,1.515
6505,1.509
6508,1.545
6509,1.711
6510,1.581
6512,1.542
6516,1.608
6517,1.576
6519,1.754
6520,1.571
6526,1.543
6533,1.523
6535,1.639
6536,1.5
6537,1.572
6544,1.621
6546,1.529
6548,1.757
6553,1.502
6554,1.51
6555,1.56
6560,1.582
6563,1.51
6566,1.506
6575,1.508
6576,1.502
6581,1.532
6582,1.542
6584,1.643
6585,1.529
6586,1.525
6587,1.532
6590,1.565
6596,1.51
6602,1.573
6606,1.622
6607,1.56
6608,1.607
6609,1.506
6610,1.541
6611,1.547
6624,1.925
6626,1.65
6627,1.6
6628,1.606
6629,1.575
6630,1.534
6631,1.534
6632,1.602
6634,1.682
6635,1.545
6636,1.533
6637,1.508
6638,1.745
6639,1.644
6645,1.571
6647,1.52
6648,1.76
6649,1.85
6652,1.525
6657,1.501
6658,1.532
6660,1.814
6661,1.582
6667,1.522
6675,1.579
6676,1.629
6677,1.515
6678,1.651
6686,1.515
6692,1.505
6695,1.52
6696,1.523
6697,1.583
6698,1.501
6707,1.564
6712,1.512
6720,1.542
6721,1.607
6726,1.707
6727,1.598
6728,1.661
6730,1.678
6731,1.754
6739,1.579
6740,1.586
6748,1.557
6749,1.573
6754,1.551
6756,1.508
6757,1.569
6764,1.634
6765,1.516
6766,1.543
6767,1.514
6769,1.567
6771,1.57
6778,1.574
6781,1.532
6782,1.574
6783,1.507
6786,1.676
6789,1.506
6813,1.519
6815,1.598
6817,1.535
6818,1.52
6822,1.517
6836,1.54
6839,1.554
6842,1.948
6859,2.34
6862,1.511
6863,1.541
6864,1.525
6869,1.506
6871,1.636
6872,1.601
6873,1.562
6874,1.529
6876,1.564
6877,1.623
6878,1.614
6879,1.557
6880,1.585
6881,1.76
6882,1.543
6885,1.51
6892,1.569
6897,1.507
6898,1.566
6903,1.634
6905,1.546
6909,1.544
6910,1.524
6912,1.507
6913,1.511
6916,1.517
6946,1.512
6947,1.559
6949,1.595
6962,1.705
6964,1.623
6966,1.626
6972,1.528
6975,1.582
6978,1.529
6981,1.665
6996,1.541
6997,1.606
6999,1.509
7002,1.58
7007,1.643
7011,1.58
7018,1.506
7019,1.656
7021,1.803
7028,1.559
7030,1.586
7032,1.79
7038,1.508
7052,2.112
7056,1.674
7057,1.5
7061,1.576
7064,1.583
7065,1.54
7068,1.594
7069,1.734
7078,1.544
7081,1.506
7082,1.518
7084,1.553
7088,1.904
7089,1.511
7090,1.517
7092,1.611
7094,1.69
7096,1.501
7100,1.513
7110,1.582
7116,1.519
7127,1.654
7131,1.508
7136,1.569
7139,1.561
7141,1.525
7148,1.535
7149,1.503
7151,1.533
7154,1.628
7156,1.56
7162,1.546
7166,1.672
7173,1.75
7174,1.602
7176,1.63
7177,1.687
7179,1.541
7180,1.768
7184,1.592
7185,1.527
7193,1.582
7196,1.504
7197,1.588
7203,1.542
7204,1.583
7209,1.576
7212,1.524
7214,1.544
7217,1.501
7219,1.548
7220,1.597
7221,1.587
7225,1.867
7226,1.502
7230,1.508
7233,1.777
7237,1.544
7249,1.502
7252,1.518
7253,1.691
7254,1.772
7255,1.787
7257,1.507
7259,1.554
7260,1.648
7263,1.587
7264,1.571
7266,1.521
7268,1.554
7269,1.567
7270,1.549
7272,1.507
7274,1.539
7275,1.521
7276,1.534
7288,1.513
7293,1.531
7294,1.51
7297,1.517
7298,1.601
7300,1.515
7302,1.644
7309,1.571
7312,1.558
7314,1.581
7317,1.571
7322,1.503
7325,1.616
7339,1.513
7344,1.67
7355,1.519
7357,1.609
7358,1.503
7359,1.548
7362,1.591
7363,1.507
7364,1.67
7365,1.608
7366,1.579
7368,1.605
7371,1.681
7376,1.719
7377,1.579
7379,1.508
7382,1.639
7383,1.783
7384,1.608
7385,1.632
7387,1.663
7389,1.612
7390,1.506
7394,1.5
7396,1.563
7399,1.563
7401,1.622
7402,1.518
7406,1.551
7407,1.507
7410,1.845
7412,1.949
7413,1.547
7424,1.513
7437,1.566
7438,1.576
7442,1.527
7445,1.728
7446,1.587
7449,1.517
7453,1.556
7457,1.604
7459,1.526
7461,1.511
7462,1.513
7471,1.513
7472,1.567
7477,2.191
7485,1.512
7486,1.552
7488,1.506
7495,1.534
7496,1.605
7497,1.529
7502,1.666
7505,1.58
7506,1.592
7507,1.596
7512,1.57
7513,1.579
7517,1.637
7518,1.537
7526,1.62
7528,1.56
7532,1.519
7534,1.514
7538,1.64
7539,1.509
7545,1.504
7546,1.601
7547,1.59
7549,1.538
7550,1.523
7551,1.52
7552,1.552
7554,1.865
7555,1.686
7573,1.533
7583,1.572
7587,1.612
7590,1.627
7591,1.635
7592,1.625
7594,1.534
7595,1.88
7597,1.874
7599,1.523
7600,1.579
7601,2.008
7606,1.54
7610,1.53
7612,1.569
7613,1.583
7615,1.603
7618,1.544
7627,1.507
7631,1.538
7632,1.507
7633,1.515
7637,1.595
7638,1.545
7642,1.513
7650,1.536
7651,1.548
7653,1.547
7655,1.841
7661,1.525
7662,1.598
7664,1.516
7672,1.526
7675,2.217
7676,1.523
7677,1.534
7678,1.589
7680,1.53
7688,1.617
7690,1.522
7692,1.545
7694,1.606
7699,1.758
7700,1.839
7702,1.579
7703,1.575
7735,1.681
7736,1.558
7738,1.565
7739,1.769
7741,1.685
7743,1.609
7744,1.514
7748,1.57
7753,1.549
7756,1.602
7759,1.664
7760,1.6
7763,1.509
7764,1.602
7775,1.596
7776,1.533
7779,1.659
7781,1.721
7783,1.566
7784,1.627
7785,1.636
7786,1.519
7787,1.793
7788,1.687
7789,1.657
7790,1.607
7791,1.628
7792,1.683
7799,1.517
7800,1.845
7801,1.562
7802,1.51
7803,1.514
7804,1.621
7808,1.609
7812,1.861
7818,1.604
7819,1.638
7821,1.645
7823,1.6
7824,1.676
7826,1.583
7827,1.607
7829,1.501
7830,1.602
7849,1.614
7850,1.66
7851,1.533
7853,1.619
7855,1.745
7863,1.531
7864,1.572
7866,1.517
7872,1.534
7876,1.968
7878,1.526
7881,1.576
7895,1.841
7896,1.692
7898,1.522
7903,1.531
7919,1.711
7920,1.578
7921,1.597
7922,1.718
7923,1.615
7924,1.508
7925,1.516
7927,1.574
7928,1.616
7929,1.576
7930,1.757
7933,1.507
7939,1.552
7942,1.511
7946,1.562
7950,1.656
7954,1.623
7955,1.51
7956,1.57
7960,1.65
7962,1.534
7965,1.543
7966,1.581
7967,1.532
7968,1.57
7989,1.607
7992,1.544
7996,1.691
7997,1.7
8000,1.724
8003,1.595
8007,1.557
8012,1.502
8016,1.514
8017,1.646
8018,1.568
8021,1.844
8023,1.571
8024,1.56
8025,1.563
8028,1.513
8029,1.565
8030,1.513
8033,1.627
8034,1.585
8036,1.52
8040,1.687
8042,1.535
8048,1.508
8058,1.515
8066,1.571
8067,1.537
8076,1.57
8079,1.514
8080,1.535
8081,1.544
8094,1.606
8100,1.547
8104,1.619
8113,1.523
8114,1.55
8115,1.577
8117,1.943
8119,1.561
8120,1.563
8121,1.503
8129,1.562
8143,1.51
8144,1.507
8145,1.579
8149,1.632
8152,1.529
8153,1.562
8160,1.563
8167,1.504
8180,1.615
8181,1.892
8182,1.742
8183,1.607
8185,1.572
8186,1.567
8187,1.544
8191,1.517
8194,1.544
8196,1.516
8207,1.54
8220,1.643
8234,1.521
8237,1.566
8243,1.505
8246,1.568
8247,1.538
8250,1.559
8251,1.577
8255,1.535
8263,1.54
8264,1.544
8265,1.545
8266,1.532
8273,1.593
8278,1.535
8282,1.616
8289,1.689
8291,2.003
8292,1.552
8294,1.528
8297,1.555
8300,1.609
8301,1.534
8302,1.597
8303,1.573
8304,1.525
8309,1.515
8310,1.612
8311,1.501
8316,1.541
8318,1.575
8328,1.597
8329,1.532
8335,1.564
8339,1.642
8340,1.567
8345,1.524
8348,1.781
8349,1.772
8350,1.689
8351,1.511
8352,1.566
8354,1.622
8355,1.634
8356,1.614
8357,1.506
8358,1.573
8359,1.594
8360,1.624
8361,1.54
8362,1.528
8364,1.826
8365,1.535
8366,1.544
8368,1.525
8371,1.614
8376,1.699
8377,1.721
8378,1.695
8380,1.728
8381,1.592
8382,1.604
8383,1.561
8384,1.655
8385,1.925
8386,1.614
8387,1.644
8388,1.512
8390,1.668
8391,1.54
8392,1.641
8393,1.568
8402,1.551
8410,1.714
8411,1.565
8417,1.506
8420,1.54
8421,1.544
8422,1.819
8423,1.667
8426,1.518
8436,1.513
8441,1.591
8445,1.606
8446,1.582
8449,1.552
8450,1.516
8465,1.568
8468,1.517
8475,1.516
8478,1.691
8479,1.517
8480,1.644
8481,1.655
8486,1.657
8492,1.509
8495,1.542
8496,1.526
8499,1.606
8500,1.675
8507,1.506
8510,1.543
8513,1.536
8517,1.605
8519,1.589
8521,1.614
8522,1.518
8527,1.501
8528,1.502
8529,1.502
8530,1.537
8532,1.581
8533,1.68
8534,1.549
8535,1.685
8536,1.634
8538,1.645
8539,1.506
8541,1.615
8542,1.514
8551,1.59
8556,1.5
8558,1.573
8560,1.624
8561,1.534
8568,1.524
8570,1.584
8572,1.794
8574,1.53
8576,1.579
8578,1.837
8579,1.608
8580,1.581
8586,1.593
8587,1.53
8590,1.627
8591,1.631
8592,1.576
8593,1.601
8594,1.513
8595,1.589
8596,1.739
8599,1.583
8601,1.512
8602,1.619
8605,1.675
8610,1.677
8614,1.576
8617,1.606
8618,1.6
8622,1.591
8624,1.511
8629,1.612
8631,1.556
8634,1.553
8636,1.546
8637,1.51
8638,1.585
8639,1.507
8645,1.517
8647,1.531
8648,1.506
8660,1.631
8661,1.624
8666,1.555
8672,1.566
8678,1.523
8680,1.511
8686,1.601
8690,1.557
8696,1.515
8701,1.54
8702,1.558
8703,1.524
8715,1.504
8716,1.544
8717,1.529
8718,1.531
8722,1.768
8725,1.702
8728,1.525
8730,1.533
8733,1.596
8738,1.524
8739,1.771
8740,1.68
8741,1.693
8742,1.715
8743,1.626
8744,1.643
8745,1.665
8750,1.549
8756,1.547
8766,1.568
8772,1.6
8776,1.531
8777,1.563
8778,1.508
8781,1.531
8790,1.561
8795,1.508
8797,1.554
8799,1.565
8800,1.587
8801,1.631
8806,1.514
8827,1.505
8829,1.549
8837,1.569
8840,1.525
8853,1.508
8856,1.508
8863,1.539
8868,1.528
8872,1.694
8873,1.523
8879,1.675
8885,1.582
8890,1.514
8891,1.554
8893,1.503
8894,1.531
8896,1.556
8897,1.665
8900,2.222
8901,1.561
8902,1.546
8907,1.508
8922,1.555
8923,1.549
8926,1.541
8933,1.541
8934,1.501
8935,1.598
8943,1.538
8944,1.543
8946,1.579
8951,1.543
8959,1.627
8961,1.572
8965,1.587
8970,1.531
8979,1.524
8980,1.501
8981,1.536
8986,1.506
8991,1.691
8997,1.586
9003,1.739
9004,1.595
9005,1.659
9008,1.611
9011,1.607
9012,1.609
9013,1.53
9023,1.524
9025,1.534
9029,1.527
9031,1.502
9035,1.643
9036,1.742
9037,1.509
9039,1.571
9048,1.677
9049,1.937
9051,1.605
9055,1.574
9056,1.658
9057,1.817
9063,1.748
9064,1.598
9069,1.621
9077,1.529
9080,1.569
9082,1.516
9084,1.515
9085,1.51
9089,1.619
9102,1.565
9103,1.595
9104,1.604
9105,1.553
9106,1.548
9108,1.673
9126,1.545
9136,2.044
9137,1.662
9141,1.56
9143,1.524
9149,1.56
9157,1.547
9160,1.505
9167,1.523
9168,1.531
9173,1.638
9174,1.532
9175,1.535
9177,1.538
9178,1.596
9179,1.668
9182,1.525
9183,1.673
9185,1.683
9186,1.531
9187,1.605
9188,1.517
9190,1.57
9193,1.509
9194,1.502
9208,1.564
9210,1.567
9215,1.519
9216,1.501
9218,1.52
9220,1.645
9221,1.544
9223,1.511
9230,1.569
9232,1.63
9235,1.514
9239,1.554
9258,1.587
9260,1.505
9262,1.53
9264,1.526
9269,1.55
9273,1.509
9286,1.514
9287,1.543
9289,1.512
9291,1.609
9292,1.554
9293,1.511
9295,1.5
9297,1.63
9299,1.558
9300,1.542
9301,1.515
9306,1.544
9307,1.527
9311,1.64
9312,1.635
9315,1.587
9316,1.66
9319,1.574
9324,1.601
9328,1.542
9330,1.688
9331,1.553
9332,1.504
9333,1.517
9334,1.648
9335,1.523
9338,1.572
9339,1.649
9343,1.513
9344,1.516
9354,1.508
9361,1.508
9366,1.515
9367,1.663
9368,1.586
9372,1.574
9373,1.538
9385,1.663
9388,1.52
9390,1.565
9392,1.595
9394,1.604
9396,1.58
9397,1.567
9404,1.504
9405,1.6
9407,1.522
9417,1.528
9420,1.63
9421,1.529
9422,1.506
9424,1.597
9425,1.561
9426,1.892
9427,1.547
9428,1.569
9429,1.626
9430,1.666
9431,1.851
9432,1.565
9434,1.572
9436,1.767
9437,1.652
9438,1.51
9439,1.678
9440,1.6
9441,1.672
9445,1.517
9447,1.646
9460,1.552
9461,1.515
9465,1.531
9480,1.58
9481,1.503
9493,1.543
9494,1.644
9496,1.571
9498,1.522
9500,1.571
9506,1.541
9517,1.564
9522,1.565
9526,1.557
9527,1.553
9531,1.523
9534,1.607
9540,1.53
9541,1.5
9559,1.509
9560,1.544
9564,1.505
9566,1.583
9567,1.538
9571,1.516
9574,1.578
9578,1.561
9581,1.677
9584,1.584
9585,1.657
9586,1.567
9587,1.554
9588,1.547
9597,1.521
9605,1.558
9610,1.623
9611,1.512
9612,1.643
9614,1.528
9617,1.562
9618,1.639
9620,1.59
9624,1.511
9628,1.547
9629,1.503
9630,1.618
9631,1.594
9632,1.521
9635,1.85
9637,1.586
9639,1.587
9642,1.571
9646,1.513
9648,1.517
9652,1.562
9655,1.595
9657,1.519
9666,1.744
9670,1.583
9675,1.594
9677,1.517
9678,1.504
9685,1.508
9687,1.518
9694,1.507
9707,1.569
9708,1.566
9709,1.597
9715,1.583
9731,1.64
9732,1.711
9733,1.801
9734,1.748
9735,1.542
9736,1.846
9738,1.527
9739,1.505
9754,1.505
9755,1.644
9756,1.519
9757,1.59
9766,1.533
9767,1.505
9768,1.593
9770,1.528
9772,1.554
9774,1.659
9776,1.602
9778,1.621
9781,1.509
9784,1.702
9786,1.595
9787,1.704
9789,1.517
9790,1.53
9791,1.529
9794,1.52
9795,1.758
9805,1.56
9809,1.508
9812,1.551
9813,1.53
9816,1.785
9817,1.534
9818,1.63
9819,1.591
9821,1.644
9826,1.517
9828,1.628
9830,1.616
9837,1.53
9838,1.567
9840,1.526
9845,1.515
9847,1.616
9849,1.605
9850,1.754
9854,1.525
9856,1.555
9859,1.541
9861,1.526
9864,1.562
9866,1.533
9867,1.518
9868,1.524
9871,1.693
9873,1.567
9877,1.603
9881,1.5
9895,2.057
9896,1.669
9898,1.508
9904,1.641
9907,1.607
9908,1.504
9909,1.513
9911,1.527
9912,1.571
9913,1.588
9914,1.611
9918,1.525
9922,1.503
9924,1.506
9926,1.606
9936,1.51
9939,1.505
9941,1.558
9943,1.507
9944,1.546
9950,1.553
9955,1.565
9958,1.517
9962,1.542
9963,1.545
9968,1.602
9970,1.545
9971,1.519
9973,1.503
9979,1.526
9981,1.704
9984,1.51
9990,1.61
9991,1.604
9993,1.526
9998,1.554
170006,1.503
170009,1.535
170019,1.532
170023,1.53
170025,1.549
170027,1.531
170028,1.54
170036,1.533
170085,1.514
170089,1.567
170095,1.506
170098,1.5
170102,1.621
170105,1.571
170113,1.602
170119,1.523
170125,1.525
170128,1.527
170132,1.513
170135,1.589
170139,1.552
170148,1.689
170161,1.506
170165,1.532
170168,1.576
170169,1.583
170174,1.554
170175,1.573
170179,1.513
170184,1.506
170198,1.539
170202,1.542
170207,1.576
170213,1.539
170214,1.577
170218,2.256
170228,1.554
170229,1.596
170238,1.523
170244,1.513
170246,1.527
170253,1.586
170254,1.666
170255,1.647
170256,1.677
170292,1.533
170295,1.502
170302,1.594
170303,1.571
170306,1.542
170307,1.528
170311,1.544
170313,1.522
170316,1.593
170317,1.537
170333,1.559
170347,1.53
170352,1.532
170358,1.524
170360,1.555
170361,1.568
170374,1.513
170377,1.531
170383,1.521
170392,1.55
170406,1.527
170407,1.526
170410,1.517
170415,1.541
170435,1.506
170440,1.554
170446,1.537
170454,1.505
170457,1.552
170465,1.511
170467,1.56
170468,1.555
170471,1.591
170474,1.511
170477,1.539
170480,1.56
170481,1.525
170484,1.563
170485,1.539
170490,1.519
170491,1.521
170497,1.518
170502,1.5
170511,1.512
170519,1.509
170530,1.607
170532,1.57
170541,1.526
170548,1.559
170565,1.514
170571,1.519
170578,1.595
170590,1.508
170593,1.518
170611,1.672
170614,1.538
170621,1.538
170623,1.52
170638,1.511
170639,1.573
170646,1.548
170648,1.858
170654,1.549
170657,1.578
170660,1.575
170663,1.512
170665,1.548
170692,1.593
170693,1.514
170695,1.685
170696,1.558
170697,1.53
170698,1.633
170701,1.805
170715,1.557
170719,1.681
170724,1.542
170728,1.605
170729,1.672
170739,1.591
170745,1.501
170753,1.758
170776,1.569
170777,1.534
170778,1.553
170782,1.518
170783,1.572
170786,1.577
170789,1.543
170802,1.524
170808,1.534
170810,1.534
170823,1.538
170864,1.502
170865,1.524
170868,1.519
170875,1.624
170888,1.601
170897,1.532
170899,1.582
170900,1.557
170904,1.51
170918,1.66
170924,1.503
170928,1.621
170938,1.607
170942,1.512
170956,1.524
170957,1.554
170958,1.569
170959,1.568
170960,1.572
170962,1.541
170963,1.555
170965,1.741
170975,1.517
170982,1.605
170983,1.521
170986,1.598
170996,1.572
171000,1.512
171001,1.505
171003,1.502
171020,1.504
171025,1.568
171028,1.656
171031,1.51
171035,1.516
171039,1.552
171041,1.597
171043,1.604
171047,1.521
171067,1.533
171069,1.526
171087,1.615
171088,1.58
171089,1.578
171090,1.686
171091,1.586
171093,1.531
171101,1.979
171115,1.506
171118,1.546
171132,1.502
171134,1.511
171141,1.601
171147,1.573
171151,1.554
171166,1.555
171167,1.562
171168,1.504
171169,1.593
171171,1.515
171172,1.569
171173,1.543
171174,1.564
171175,1.6
171179,1.536
171180,1.691
171182,1.76
171206,1.561
171228,1.516
171241,1.505
171242,1.519
171248,1.513
171261,1.987
171267,1.529
171279,1.522
171281,1.663
171282,1.525
171283,1.602
171287,1.535
171288,1.569
171296,1.587
171300,1.614
171301,1.548
171322,1.535
171324,1.554
171331,1.512
171341,1.569
171350,1.5
171362,1.58
171365,1.505
171367,1.583
171370,1.553
171371,1.611
171374,1.536
171376,1.513
171379,1.558
171380,1.582
171381,1.519
171386,1.57
171391,1.518
171392,1.502
171395,1.628
171400,1.562
171402,1.511
171422,1.565
171433,1.532
171435,1.549
171436,1.617
171440,1.572
171444,1.501
171447,1.592
171464,1.506
171471,1.575
171485,1.666
171491,1.619
171521,1.531
171528,1.565
171534,1.625
171537,1.562
171538,1.594
171539,1.609
171540,1.626
171541,1.503
171571,1.51
171578,1.533
171582,1.567
171601,1.518
171606,1.542
171607,1.562
171630,1.641
171631,1.529
171632,1.594
171633,1.543
171635,1.702
171642,1.569
171649,1.584
171653,1.5
171667,1.52
171678,1.51
171684,1.512
171690,1.511
171695,1.501
171698,1.578
171701,1.546
171704,1.544
171714,1.679
171720,1.509
171723,1.541
171730,1.524
171731,1.573
171733,1.518
171736,1.586
171739,1.512
171744,1.524
171745,1.507
171748,1.547
171750,1.556
171756,1.523
171758,1.506
171766,1.639
171781,1.566
171785,1.604
171788,1.653
171792,1.519
171795,1.583
171800,1.524
171802,1.503
171810,1.503
171814,1.502
171815,1.521
171816,1.61
171823,1.681
171825,1.513
171826,1.553
171833,1.506
171847,1.553
171849,1.543
171851,1.557
171853,1.555
171856,1.58
171858,1.521
171860,1.637
171874,1.518
171883,1.519
171893,1.533
171898,1.529
171900,1.508
171912,1.53
171915,1.509
171917,1.563
171919,1.527
171922,1.589
171923,1.511
171924,1.546
171931,1.702
171934,1.516
171936,1.508
171941,1.717
171943,1.509
171952,1.515
171965,1.5
171971,1.666
171973,1.618
171977,1.526
171979,1.631
171981,1.528
171982,1.573
171983,1.508
172013,1.516
172030,1.538
172049,1.503
172057,1.558
172068,1.545
172073,1.528
172081,1.547
172082,1.501
172091,1.546
172094,1.506
172096,1.512
172101,1.521
172115,1.509
172131,2.364
172138,1.587
172140,1.596
172142,1.521
172143,1.535
172148,1.564
172149,1.527
172150,1.542
172152,1.648
172158,1.548
172171,1.691
172175,1.518
172176,1.559
172177,1.513
172181,1.541
172183,1.526
172184,1.591
172185,1.597
172200,1.51
172212,1.564
172215,1.541
172218,1.634
172228,1.511
172230,1.543
172247,1.507
172248,1.52
172249,1.534
172267,1.523
172273,1.526
172274,1.515
172277,1.54
172280,1.551
172284,1.514
172306,1.535
172318,1.669
172319,1.584
172321,1.561
172325,1.558
172330,1.507
172333,1.558
172335,1.532
172346,1.508
172351,1.555
172365,1.57
172366,1.518
172375,1.581
172383,1.577
172389,1.509
172393,1.532
172396,1.666
172397,1.571
172406,1.594
172417,1.565
172431,1.544
172436,1.53
172438,1.612
172439,1.665
172442,1.519
172443,1.576
172454,1.585
172462,1.718
172463,1.512
172467,1.674
172468,1.539
172475,1.602
172485,1.619
172486,1.525
172487,1.58
172494,1.506
172495,1.6
172507,1.513
172523,1.556
172549,1.739
172550,1.519
172556,1.639
172568,1.606
172569,1.511
172575,1.521
172576,1.596
172580,1.532
172581,1.504
172582,1.536
172584,1.655
172609,1.504
172611,1.5
172617,1.525
172631,1.504
172632,1.502
172633,1.652
172634,1.571
172639,1.537
172641,1.504
172654,1.509
172658,1.501
172663,1.506
172669,1.661
172671,1.547
172672,1.61
172678,1.571
172679,1.587
172694,1.551
172696,1.51
172701,1.587
172704,1.514
172707,1.536
172708,1.525
172715,1.603
172722,1.533
172724,1.6
172725,1.545
172731,1.512
172734,1.53
172736,1.502
172737,1.532
172743,1.506
172751,2.071
172753,1.511
172755,1.519
172759,1.545
172760,1.546
172765,1.515
172767,1.509
172769,1.507
172770,1.555
172771,1.583
172775,2.042
172791,1.517
172794,1.51
172797,1.576
172798,2.152
172799,1.545
172800,1.508
172805,1.539
172819,1.539
172825,1.551
172826,1.58
172827,1.528
172828,1.527
172833,1.568
172845,1.53
172852,1.555
172854,1.535
172857,1.501
172859,1.558
172864,1.503
172866,1.506
172870,1.528
172871,1.563
172880,1.534
172882,1.504
172892,1.555
172895,1.543
172896,1.558
172897,1.617
172945,1.509
172947,1.51
172949,1.521
172954,1.726
172960,1.544
172962,1.529
172966,1.546
172967,1.651
172969,1.582
172971,1.622
172972,1.593
172973,1.69
172995,1.755
173004,1.533
173009,1.506
173012,1.625
173013,1.643
173014,1.578
173015,1.565
173022,1.505
173028,1.508
173035,1.532
173055,1.518
173066,1.526
173073,2.23
173074,1.524
173077,1.657
173079,1.714
173080,1.658
173082,1.523
173099,1.535
173101,1.514
173116,1.708
173123,1.505
173124,1.508
173144,1.517
173151,1.505
173161,1.52
173168,1.628
173173,1.514
173197,1.502
173200,1.542
173204,1.61
173206,1.501
173212,1.582
173215,1.559
173222,1.508
173223,1.53
173227,1.647
173237,1.842
173239,1.547
173248,1.585
173275,1.523
173279,1.516
173280,1.53
173295,1.52
173296,1.574
173304,1.507
173306,1.506
173307,1.505
173316,1.549
173317,1.542
173323,1.556
173324,1.507
173333,1.524
173337,1.513
173340,1.524
173355,1.571
173379,1.6
173381,1.519
173384,1.51
173404,1.55
173405,1.5
173406,1.501
173410,1.525
173418,1.504
173423,1.509
173427,1.519
173443,1.502
173494,1.565
173495,1.541
173501,1.501
173506,1.504
173515,1.507
173517,1.502
173535,1.538
173539,1.57
173554,1.523
173558,1.587
173561,1.548
173571,1.521
173574,1.57
173575,1.517
173577,1.925
173583,1.5
173587,1.516
173588,1.658
173590,1.645
173593,1.645
173602,1.552
173608,1.591
173620,1.509
173622,1.579
173630,1.51
173631,1.556
173633,1.815
173638,1.551
173648,1.525
173652,1.517
173666,1.521
173672,1.537
173677,1.54
173683,1.506
173691,1.515
173693,1.54
173706,1.575
173709,1.731
173713,1.524
173727,1.656
173741,1.533
173760,1.507
173770,1.504
173776,1.604
173777,1.586
173780,1.528
173785,1.536
173787,1.53
173792,1.507
173793,1.657
173794,1.584
173795,1.541
173804,1.506
173822,1.559
173871,1.549
173873,1.65
173875,1.591
173880,1.552
173888,1.515
173889,1.86
173891,1.52
173894,1.527
173897,1.622
173900,1.506
173901,1.516
173906,1.898
173912,1.573
173923,1.549
173932,1.519
173936,1.503
173937,1.538
173940,1.597
173962,1.557
173975,1.613
173976,1.568
173977,1.556
173996,1.645
174007,1.616
174008,1.553
174013,1.674
174014,1.558
174024,1.504
174028,1.565
174057,1.505
174062,1.506
174077,1.615
174081,2.037
174110,1.544
174111,1.507
174136,1.542
174146,1.731
174149,1.535
174152,1.521
174155,1.523
174160,1.525
174161,1.521
174165,1.585
174166,1.603
174169,1.537
174172,1.531
174173,1.544
174174,1.623
174175,1.545
174176,1.583
174179,1.569
174182,1.938
174183,1.605
174188,1.59
174192,1.534
174209,1.504
174214,1.519
174218,1.527
174236,1.573
174238,1.502
174240,1.524
174242,1.562
174244,1.533
174247,1.532
174248,1.608
174255,1.757
174267,1.502
174270,1.532
174279,1.85
174282,1.506
174284,1.521
174290,1.516
174294,1.532
174297,1.513
174300,1.607
174304,1.509
174309,1.589
174312,1.521
174318,1.503
174321,1.546
174325,1.784
174333,1.6
174334,1.606
174348,1.508
174358,1.511
174361,1.554
174370,1.516
174378,1.526
174407,1.534
174410,1.511
174411,1.571
174432,1.545
174435,1.559
174441,1.602
174444,1.541
174453,1.569
174461,1.564
174464,1.543
174473,1.536
174474,1.535
174485,1.677
174487,1.541
174489,1.509
174494,1.546
174495,1.516
174506,1.534
174513,1.609
174522,1.58
174523,1.504
174529,1.51
174537,1.528
174544,1.503
174546,1.51
174556,1.512
174564,1.736
174569,1.516
174574,1.553
174576,1.57
174584,1.561
174593,1.518
174594,1.506
174608,1.507
174609,1.524
174617,1.519
174618,1.514
174630,1.557
174632,1.503
174633,1.557
174646,1.501
174652,1.511
174657,1.514
174659,1.521
174666,1.511
174671,1.51
174677,1.566
174682,1.524
174704,1.59
174709,1.502
174710,1.543
174713,1.523
174719,1.54
174720,1.531
174722,1.517
174724,1.648
174729,1.503
174733,1.559
174741,1.539
174744,1.503
174746,1.567
174766,1.505
174783,1.517
174793,1.51
174795,1.509
174798,1.767
174808,1.555
174809,1.517
174811,1.531
174814,1.537
174825,1.505
174826,1.511
174833,1.535
174835,1.535
174837,1.526
174838,1.506
174841,1.563
174848,1.581
174855,1.55
174856,1.516
174872,1.507
174879,1.562
174880,1.506
174881,1.598
174885,1.512
174889,1.515
174890,1.534
174892,1.532
174895,1.871
174897,1.504
174899,1.955
174902,1.523
174910,1.52
174911,1.558
174912,1.593
174920,1.595
174922,1.521
174929,1.512
174930,1.563
174939,1.521
174940,1.735
174943,1.538
174947,1.5
174949,1.503
174952,1.549
174956,1.853
174960,1.509
174973,1.546
174976,1.523
174978,1.532
174980,1.597
174993,1.508
174998,1.512
175011,1.624
175021,1.646
175031,1.511
175033,1.56
175035,1.508
175042,1.521
175045,1.516
175049,1.531
175050,1.526
175053,1.547
175056,1.58
175059,1.574
175085,1.508
175088,1.535
175101,1.526
175117,1.693
175118,1.623
175119,1.701
175120,1.645
175130,1.576
175135,1.577
175144,1.54
175147,1.53
175151,1.549
175173,1.547
175191,1.552
175192,1.524
175193,1.539
175211,1.517
175213,1.6
175217,1.569
175220,1.576
175224,1.616
175238,1.548
175255,1.582
175271,1.504
175273,1.551
175279,1.54
175280,1.523
175287,1.576
175292,1.503
175296,1.545
175298,1.562
175301,1.514
175310,1.626
175311,1.526
175312,1.54
175313,1.533
175314,1.621
175322,1.502
175338,1.504
175346,1.565
175347,1.581
175351,1.508
175362,1.521
175370,1.521
175374,1.521
175393,1.548
175407,1.521
175410,1.851
175412,1.502
175414,1.578
175422,1.523
175424,1.52
175429,1.588
175433,1.56
175446,1.567
175448,1.576
175469,1.538
175481,1.528
175485,1.868
175497,1.509
175503,1.519
175505,1.584
175513,1.527
175516,1.519
175517,1.551
175519,1.522
175521,1.534
175527,1.514
175538,1.519
175542,1.619
175545,1.533
175546,1.512
175547,1.525
175550,1.519
175552,1.626
175567,1.558
175569,1.561
175570,1.509
175587,1.572
175597,1.502
175602,1.564
175604,1.611
175608,1.721
175617,1.503
175620,1.521
175642,1.564
175643,1.521
175644,1.505
175648,1.526
175651,1.535
175652,1.908
175654,1.518
175655,1.552
175669,1.795
175670,1.57
175671,1.557
175674,1.502
175675,1.502
175682,1.523
175686,1.522
175688,1.578
175690,1.566
175693,1.514
175696,1.579
175703,1.512
175707,1.506
175711,1.508
175719,1.52
175730,1.808
175734,1.51
175743,1.584
175746,1.617
175747,1.516
175760,1.524
175761,1.505
175781,1.5
175783,1.527
175784,1.548
175791,1.531
175792,1.542
175812,1.512
175816,1.711
175822,1.694
175823,1.532
175825,1.51
175826,1.544
175836,1.517
175840,1.542
175844,1.549
175846,1.504
175854,1.515
175859,1.518
175860,1.522
175862,1.561
175865,1.676
175873,1.51
175878,1.558
175889,1.69
175910,1.595
175911,1.519
175912,1.51
175913,1.598
175916,1.55
175917,1.503
175923,1.502
175924,1.563
175933,1.503
175935,1.556
175938,1.56
175943,1.629
175952,1.533
175965,1.636
175976,1.515
175977,1.543
175989,1.502
175998,1.558
176006,1.5
176007,1.525
176026,1.554
176027,1.519
176028,1.507
176033,1.511
176047,1.529
176054,1.525
176057,1.538
176059,1.549
176075,1.523
176077,1.515
176099,1.529
176100,1.528
176101,1.55
176112,1.506
176113,1.546
176124,1.515
176133,1.587
176150,1.58
176155,1.537
176163,1.591
176168,1.596
176171,1.653
176179,1.544
176181,1.548
176193,1.558
176194,1.591
176195,2.036
176198,1.556
176224,1.506
176233,1.506
176236,1.603
176245,1.507
176258,1.581
176265,1.526
176266,1.506
176278,1.512
176282,1.515
176291,1.537
176303,1.542
176319,1.512
176330,1.523
176333,1.518
176336,1.588
176337,1.596
176344,1.503
176346,1.561
176347,1.592
176351,1.596
176356,1.549
176357,1.764
176358,1.913
176360,1.556
176361,1.509
176362,1.556
176364,1.593
176372,1.567
176390,1.513
176392,1.598
176396,1.524
176398,1.547
176410,1.549
176418,1.504
176419,1.534
176434,1.519
176437,1.652
176441,1.512
176443,1.539
176444,1.51
176450,1.51
176457,1.516
176464,1.765
176469,1.548
176473,1.577
176475,1.528
176477,1.561
176478,1.568
176479,1.531
176483,1.513
176503,1.508
176517,1.563
176518,1.518
176520,1.564
176523,1.534
176529,1.57
176533,1.506
176535,1.558
176550,1.532
176567,1.84
176570,1.552
176575,1.556
176579,1.516
176609,1.521
176623,1.542
176624,1.598
176625,1.561
176628,1.506
176629,1.577
176630,1.547
176631,1.521
176635,1.586
176638,1.527
176640,1.531
176642,1.514
176643,1.516
176650,1.527
176653,1.53
176662,1.637
176691,1.516
176693,1.789
176712,1.525
176714,1.526
176715,1.586
176725,1.534
176730,2.031
176741,1.57
176743,1.52
176744,1.58
176747,1.555
176751,1.524
176756,1.504
176768,1.632
176771,1.554
176776,1.506
176788,1.53
176793,1.618
176805,1.74
176806,1.837
176807,1.711
176808,1.736
176809,1.571
176810,1.544
176812,1.618
176813,1.503
176815,1.538
176830,1.546
176833,1.543
176841,1.51
176855,1.513
176857,1.504
176866,1.509
176867,1.575
176871,1.601
176872,1.574
176874,1.573
176876,1.594
176880,1.567
176881,1.653
176882,1.539
176886,1.507
176887,1.576
176888,1.601
176909,1.522
176926,1.567
176956,1.536
176969,1.558
176971,1.585
176975,1.515
176977,1.528
176978,1.522
176984,1.523
177004,1.521
177019,1.519
177021,1.528
177022,1.589
177023,1.588
177034,1.513
177035,1.516
177037,1.592
177043,1.51
177051,1.827
177053,1.553
177054,1.558
177055,1.548
177056,1.583
177062,1.531
177064,1.582
177065,1.582
177069,1.51
177083,1.515
177089,1.532
177094,1.618
177100,1.506
177104,1.584
177105,1.517
177119,1.58
177122,1.505
177123,1.54
177127,1.56
177133,1.528
177134,1.58
177136,1.551
177137,1.575
177138,1.523
177139,1.513
177140,1.527
177143,1.502
177147,1.527
177154,1.541
177156,1.512
177161,1.533
177162,2.22
177181,1.615
177186,1.548
177187,1.693
177193,1.514
177195,1.511
177200,1.592
177204,1.505
177205,1.6
177206,1.516
177210,1.551
177219,1.563
177234,1.526
177235,1.538
177239,1.535
177243,1.526
177250,1.529
177254,1.504
177255,1.565
177256,1.77
177257,1.563
177262,1.52
177265,1.55
177270,1.633
177281,1.505
177287,1.526
177288,1.807
177290,1.552
177309,1.547
177322,1.618
177329,1.589
177352,1.643
177353,1.53
177357,1.763
177375,1.505
177394,1.702
177412,1.509
177418,1.536
177420,1.62
177422,1.551
177442,1.537
177445,1.55
177451,1.552
177455,1.509
177458,1.535
177470,1.536
177475,1.546
177476,1.512
177484,1.57
177487,1.532
177488,1.518
177489,1.769
177493,1.545
177495,1.503
177496,1.573
177497,1.505
177500,1.512
177506,1.521
177513,1.512
177520,1.521
177551,1.554
177553,1.58
177554,1.519
177568,1.507
177570,1.548
177574,1.518
177591,1.537
177593,1.514
177600,1.584
177612,1.555
177613,1.564
177614,1.513
177626,1.515
177627,1.607
177629,1.626
177637,1.526
177654,1.569
177657,1.503
177659,1.529
177662,1.588
177664,1.564
177682,1.551
177692,1.635
177693,1.548
177724,1.51
177728,1.537
177730,1.532
177747,1.749
177751,1.554
177755,1.527
177760,1.566
177761,1.531
177769,1.572
177776,1.62
177780,1.578
177781,1.523
177786,1.508
177788,1.505
177789,1.544
177792,1.511
177793,1.537
177795,1.5
177800,1.519
177803,1.655
177811,1.559
177812,1.604
177813,1.552
177820,1.545
177822,1.505
177825,1.657
177828,1.544
177831,1.523
177832,1.533
177838,1.523
177848,1.504
177852,2.111
177858,1.529
177860,1.501
177862,1.509
177866,1.507
177872,1.54
177873,1.518
177875,1.548
177891,1.594
177897,1.616
177900,1.519
177906,1.523
177908,1.564
177915,1.802
177916,1.938
177917,1.504
177921,1.5
177938,1.514
177947,1.586
177948,1.507
177954,1.516
177956,1.563
177962,1.536
177983,1.559
177984,1.576
178013,1.542
178015,1.512
178016,1.538
178019,1.506
178020,1.575
178021,1.534
178034,1.527
178054,1.606
178056,1.51
178057,1.526
178063,1.535
178066,2.122
178082,1.531
178097,1.574
178101,1.541
178113,1.524
178116,1.505
178119,1.504
178122,1.591
178129,1.507
178133,1.514
178137,1.627
178138,1.981
178139,1.501
178140,1.505
178148,1.511
178153,1.554
178154,1.519
178163,1.558
178166,1.545
178175,1.62
178178,1.538
178193,1.511
178197,1.505
178199,1.511
178200,1.576
178206,1.543
178210,1.562
178213,1.573
178239,1.782
178242,1.9
178245,1.518
178248,1.555
178259,1.54
178265,1.513
178274,1.517
178275,1.503
178276,1.51
178279,1.588
178291,1.538
178295,1.516
178299,1.507
178303,1.598
178305,1.636
178306,1.546
178311,1.501
178312,1.583
178313,1.534
178319,1.526
178335,1.516
178336,1.599
178338,1.633
178342,1.522
178346,1.533
178361,1.52
178366,1.524
178374,1.6
178383,1.618
178385,1.532
178391,1.539
178397,1.514
178404,1.534
178430,1.509
178440,1.809
178444,1.527
178445,1.644
178457,1.569
178485,1.513
178502,1.62
178503,1.541
178504,1.506
178518,1.501
178522,1.626
178531,1.528
178532,1.506
178533,1.5
178543,1.516
178547,1.543
178558,1.577
178580,1.536
178589,1.53
178597,1.61
178610,1.528
178624,1.543
178644,1.596
178646,1.523
178660,1.627
178661,1.52
178673,1.507
178687,1.541
178688,1.608
178690,1.516
178691,1.583
178692,1.506
178700,1.594
178704,1.538
178708,1.509
178709,1.505
178716,1.664
178735,1.518
178739,1.945
178749,1.639
178753,1.533
178755,1.723
178766,1.508
178776,1.675
178777,1.564
178778,1.557
178787,1.516
178795,1.661
178796,1.996
178809,1.512
178825,1.52
178844,1.547
178845,1.501
178870,1.512
178872,1.533
178885,1.561
178912,1.591
178920,1.583
178922,1.604
178923,1.563
178924,1.519
178925,1.523
178927,1.587
178928,1.624
178938,1.613
178956,1.573
178962,1.579
178963,1.591
178971,1.568
178972,1.5
178977,1.57
178988,1.555
178998,1.526
179000,1.524
179003,1.511
179014,1.53
179015,1.547
179025,1.517
179026,1.958
179046,1.528
179051,1.772
179053,1.504
179054,1.525
179056,1.522
179076,1.557
179084,1.564
179085,1.51
179089,1.514
179090,1.597
179091,1.53
179095,1.596
179096,1.544
179109,1.5
179111,2.515
179112,1.525
179113,1.595
179123,1.503
179149,1.512
179164,1.906
179174,1.523
179193,1.502
179202,2.75
179203,1.516
179226,1.536
179228,1.535
179237,1.672
179238,1.514
179245,1.505
179246,1.56
179249,1.506
179252,1.505
179254,1.513
179257,1.585
179259,1.512
179260,1.615
179263,1.599
179285,1.52
179290,1.534
179295,1.517
179296,1.542
179301,1.544
179307,1.524
179311,1.506
179319,1.505
179322,1.528
179329,1.593
179330,1.51
179331,1.602
179334,1.544
179338,1.653
179342,1.545
179343,1.544
179346,1.56
179349,1.533
179352,1.574
179358,1.503
179359,1.509
179361,1.57
179363,1.532
179379,1.581
179396,1.545
179400,1.523
179419,1.732
179423,1.512
179425,1.526
179428,1.579
179441,1.595
179447,1.672
179454,1.653
179464,1.568
179476,1.522
179481,1.507
179491,1.522
179495,1.724
179500,1.519
179501,1.659
179503,1.502
179505,1.562
179510,1.519
179512,1.516
179534,1.501
179536,1.5
179543,1.557
179544,1.517
179550,1.543
179556,1.558
179564,1.54
179574,1.5
179576,1.512
179589,1.569
179602,1.522
179606,1.56
179619,1.552
179621,1.5
179625,1.62
179627,1.534
179641,1.507
179642,1.5
179645,1.514
179650,1.617
179665,1.576
179672,1.574
179681,1.552
179683,1.528
179685,1.513
179689,1.511
179692,1.579
179693,1.555
179696,1.564
179726,1.542
179732,1.536
179735,1.588
179790,1.502
179804,1.511
179806,1.638
179811,1.521
179816,1.548
179832,1.511
179841,1.536
179844,1.55
179853,1.749
179855,1.525
179858,1.531
179879,1.543
179885,1.568
179906,1.515
179912,1.598
179918,1.586
179925,1.552
179944,1.502
179959,1.535
179963,1.504
179984,1.726
179990,1.531
179993,1.516
300011,1.507
300012,1.529
300024,1.564
300030,1.532
300032,1.569
300036,1.522
300042,1.525
300048,1.519
300058,1.573
300063,1.535
300068,1.546
300076,1.51
300079,1.511
300084,1.56
300095,1.564
300097,1.522
300099,1.647
300110,1.525
300114,1.535
300116,1.507
300117,1.523
300118,1.508
300134,1.523
300145,1.529
300157,1.559
300159,1.545
300163,1.543
300167,1.553
300180,1.689
300184,1.521
300215,1.516
300218,1.516
300226,1.516
300230,1.586
300231,1.58
300241,1.573
300246,1.507
300249,1.577
300250,1.549
300259,1.546
300262,1.52
300269,1.514
300270,1.504
300271,1.654
300274,1.503
300277,1.522
300282,1.556
300283,1.538
300291,1.577
300298,1.565
300300,1.564
300306,1.562
300308,1.53
300311,1.718
300313,1.509
300315,1.542
300321,1.519
300322,1.738
300325,1.651
300326,1.543
300328,1.508
300330,1.5
300332,1.72
300333,1.525
300334,1.511
300335,1.519
300343,1.539
300344,1.511
300346,1.599
300347,1.732
300349,1.566
300352,1.715
300355,1.561
300358,1.651
300359,1.574
300383,1.552
300391,1.581
300396,1.502
300409,1.505
300412,1.625
300414,1.502
300416,1.514
300417,1.563
300418,1.926
300424,1.508
300426,1.506
300430,1.536
300434,1.527
300436,1.536
300443,1.557
300444,1.589
300449,1.561
300451,1.502
300457,1.52
300461,1.58
300469,1.515
300472,1.53
300475,1.555
300492,1.546
300504,1.537
300514,1.599
300517,1.504
300520,1.571
300525,1.566
300527,1.541
300529,1.523
300534,1.503
300537,1.528
300538,1.532
300543,1.562
300550,1.518
300553,1.545
300554,1.571
300555,1.589
300567,1.586
300573,1.525
300575,1.533
300576,1.521
300581,1.517
300582,1.536
300585,1.537
300590,1.524
300599,1.651
300601,1.51
300602,1.556
300604,1.55
300605,1.598
300608,1.504
300612,1.529
300613,1.57
300620,1.558
300626,1.572
300627,1.545
300637,1.66
300638,1.621
300639,1.628
300640,1.571
300641,1.54
300645,1.526
300646,1.586
300649,1.542
300651,1.663
300654,1.627
300655,1.515
300664,1.645
300666,1.537
300671,1.505
300672,1.547
300678,1.504
300693,1.573
300694,1.507
300702,1.503
300714,1.541
300725,1.5
300742,1.54
300743,1.541
300745,1.5
300748,1.517
300749,1.769
300750,1.576
300765,1.535
300766,1.559
300778,1.618
300779,1.517
300786,1.661
300792,1.572
300794,1.534
300805,1.558
300809,1.574
300810,1.524
300811,1.529
300816,1.566
300830,1.578
300831,1.552
300838,1.731
300841,1.577
300865,1.51
300867,1.58
300891,1.517
300902,1.507
300905,1.5
300907,1.575
300915,1.507
300916,1.501
300920,1.531
300922,1.554
300926,1.504
300928,1.552
300931,1.536
300932,1.679
300933,1.594
300937,1.65
300938,1.611
300939,1.582
300941,1.527
300942,1.522
300945,1.51
300946,1.585
300949,1.534
300960,1.52
300976,1.542
300979,1.6
300980,1.537
300981,1.557
300982,1.516
300984,1.509
301005,1.551
301007,1.67
301019,1.52
301021,1.714
301022,1.555
301023,1.561
301031,1.631
301035,1.537
301037,1.603
301045,1.526
301052,1.548
301057,1.867
301063,1.557
301073,1.56
301084,1.526
301086,1.502
301088,1.593
301089,1.536
301090,1.52
301092,1.516
301093,1.559
301097,1.522
301103,1.5
301105,1.654
301106,1.563
301108,1.595
301109,1.559
301111,1.568
301112,1.538
301119,1.599
301120,1.575
301121,1.886
301138,1.526
301146,1.516
301148,1.531
301150,1.503
301153,1.507
301156,1.579
301162,1.518
301177,1.57
301183,1.52
301192,1.56
301197,1.522
301201,1.505
301207,1.505
301215,1.998
301217,1.537
301218,1.567
301232,1.514
301239,1.574
301245,1.523
301255,1.507
301260,1.536
301263,1.562
301267,1.522
301268,1.532
301269,1.52
301272,1.505
301279,1.511
301286,1.541
301289,1.524
301290,1.577
301291,1.54
301292,1.579
301294,1.562
301295,1.521
301296,1.5
301302,1.557
301305,1.508
301307,1.547
301320,1.556
301323,1.528
301325,1.54
301337,1.505
301338,1.589
301340,1.566
301342,1.521
301343,1.524
301347,1.555
301363,1.521
301368,1.567
301375,1.502
301376,1.642
301393,1.545
301401,1.55
301402,1.574
301404,1.524
301406,1.545
301416,1.588
301417,1.589
301418,1.519
301423,1.547
301430,1.537
301436,1.519
301440,1.521
301448,1.533
301449,1.591
301458,1.551
301468,1.604
301474,1.566
301475,1.513
301478,1.51
301482,1.701
301483,1.504
301488,1.531
301491,1.553
301493,1.511
301494,1.613
301495,1.52
301499,1.591
301506,1.546
301520,1.598
301524,1.526
301529,1.508
301531,1.574
301532,1.531
301534,1.627
301535,1.535
301549,1.515
301566,1.707
301569,1.568
301587,1.556
301591,1.518
301593,1.527
301598,1.51
301607,1.505
301624,1.599
301625,1.542
301632,1.529
301636,1.579
301637,1.524
301640,1.554
301645,1.509
301647,1.582
301648,1.536
301651,1.555
301652,1.516
301653,1.572
301663,1.544
301668,1.528
301680,1.506
301687,1.604
301688,1.502
301692,1.589
301696,1.609
301702,1.567
301704,1.54
301711,1.634
301712,1.503
301713,1.535
301716,1.563
301721,1.558
301723,1.638
301727,1.537
301729,1.502
301730,1.532
301732,1.526
301749,1.518
301759,1.52
301761,1.605
301764,1.61
301765,1.537
301769,1.611
301770,1.544
301771,1.519
301772,1.502
301774,1.527
301776,1.502
301777,1.558
301778,1.618
301779,1.572
301781,1.547
301782,1.55
301783,1.641
301785,1.502
301786,1.548
301799,1.57
301814,1.532
301816,1.577
301825,1.535
301835,1.504
301838,1.533
301842,1.517
301860,1.51
301877,1.538
301878,1.583
301883,1.5
301906,1.529
301919,1.71
301920,1.58
301921,1.568
301924,1.516
301930,1.6
301931,1.509
301943,1.508
301951,1.516
301955,1.535
301957,1.582
301983,1.533
301986,1.521
301989,1.531
301994,1.517
301997,1.543
301999,1.784
302002,1.525
302011,1.518
302012,1.523
302026,1.53
302034,1.568
302038,1.576
302045,1.52
302047,1.553
302049,1.539
302050,1.509
302052,1.594
302053,1.528
302054,1.62
302056,1.515
302057,1.583
302060,1.613
302062,1.561
302073,1.553
302085,1.567
302087,1.533
302089,1.57
302090,1.617
302092,1.704
302098,1.547
302115,1.531
302116,1.555
302127,1.565
302141,1.542
302145,1.531
302158,1.503
302163,1.602
302166,1.522
302181,1.518
302183,1.755
302188,1.518
302198,1.504
302199,1.579
302203,1.519
302205,1.839
302206,1.522
302229,1.562
302237,1.515
302240,1.52
302242,1.607
302252,1.536
302253,1.594
302257,1.554
302258,1.551
302272,1.5
302276,1.593
302285,1.692
302286,1.51
302287,1.57
302297,1.573
302298,1.586
302301,1.526
302324,1.585
302343,1.501
302348,1.527
302353,1.515
302359,1.517
302360,1.565
302364,1.519
302367,1.666
302380,1.514
302386,1.507
302388,1.572
302404,1.532
302408,1.571
302410,1.558
302417,1.546
302418,1.61
302420,1.524
302426,1.535
302429,1.569
302430,1.698
302433,1.509
302436,1.502
302438,1.51
302447,1.575
302454,1.581
302455,1.57
302459,1.504
302466,1.53
302484,1.605
302485,1.517
302486,1.558
302488,1.578
302490,1.549
302491,1.581
302497,1.562
302498,1.52
302501,1.504
302508,1.576
302521,1.559
302524,1.568
302525,1.516
302527,1.611
302544,1.648
302545,1.666
302557,1.63
302558,1.55
302559,1.527
302573,1.505
302587,1.545
302593,1.5
302599,1.531
302601,1.523
302605,1.555
302621,1.569
302627,1.511
302637,1.582
302653,1.689
302660,1.55
302671,1.527
302673,1.525
302675,1.603
302678,1.542
302681,1.643
302682,1.512
302683,1.549
302684,1.517
302685,1.626
302692,1.602
302693,1.727
302702,1.514
302705,1.539
302708,1.604
302711,1.535
302712,1.602
302713,1.658
302726,1.502
302730,1.613
302734,1.608
302737,1.594
302739,1.532
302749,1.548
302754,1.502
302761,1.523
302764,1.562
302771,1.601
302772,1.503
302773,1.512
302776,1.527
302780,1.568
302793,1.507
302802,1.617
302808,1.539
302810,1.555
302817,1.502
302843,1.573
302849,1.596
302852,1.512
302859,1.518
302865,1.565
302885,1.531
302897,1.502
302898,1.694
302899,1.511
302903,2.01
302906,1.519
302907,1.502
302910,1.545
302919,1.587
302925,1.529
302929,1.504
302931,1.524
302943,1.621
302949,1.512
302951,1.505
302952,1.558
302957,1.599
302958,1.6
302959,1.536
302970,1.548
302973,1.548
302974,1.561
302976,1.561
302981,1.659
302986,1.618
302996,1.548
303003,1.5
303018,1.503
303042,1.615
303051,1.615
303066,1.54
303067,1.577
303070,1.539
303078,1.525
303079,1.531
303093,1.513
303094,1.523
303096,1.579
303097,1.535
303098,1.595
303099,1.507
303101,1.527
303103,1.526
303107,1.545
303109,1.565
303113,1.514
303124,1.511
303126,1.515
303127,1.617
303133,1.535
303141,1.517
303143,1.57
303144,1.597
303145,1.562
303146,1.575
303149,1.599
303152,1.51
303153,1.594
303162,1.516
303168,1.58
303170,1.58
303174,1.546
303175,1.549
303177,1.57
303182,1.549
303187,1.535
303189,1.519
303190,1.534
303191,1.523
303192,1.502
303193,1.571
303196,1.525
303197,1.508
303198,1.616
303199,1.518
303201,1.651
303218,1.507
303219,1.513
303220,1.511
303232,1.554
303264,1.609
303268,1.509
303289,1.592
303290,1.503
303303,1.5
303304,1.567
303305,1.546
303308,1.519
303314,1.529
303321,1.568
303334,1.623
303338,1.519
303340,1.503
303348,1.539
303357,1.505
303368,1.532
303373,1.635
303386,1.518
303403,1.546
303417,1.603
303422,1.543
303424,1.515
303427,1.528
303429,1.562
303439,1.529
303441,1.52
303451,1.503
303454,1.584
303467,1.528
303470,1.612
303475,1.554
303480,1.506
303481,1.521
303483,1.586
303487,1.518
303493,1.541
303512,1.505
303548,1.616
303552,1.615
303555,1.572
303561,1.538
303572,1.539
303573,1.539
303577,1.622
303578,1.542
303584,1.537
303593,1.882
303596,1.574
303597,1.622
303601,1.608
303630,1.572
303642,1.518
303645,1.569
303648,1.546
303650,1.528
303651,1.548
303653,1.527
303654,1.552
303655,1.585
303656,1.525
303657,1.55
303669,1.544
303673,1.52
303680,1.813
303682,1.53
303695,1.933
303708,1.602
303715,1.564
303719,1.52
303720,1.62
303730,1.507
303734,1.518
303739,1.525
303741,1.534
303763,1.537
303765,1.778
303766,1.553
303767,1.588
303773,1.81
303784,1.504
303787,1.523
303789,1.519
303791,1.549
303794,1.546
303795,1.507
303799,1.522
303805,1.549
303813,1.588
303818,1.504
303830,1.528
303839,1.508
303842,1.59
303845,1.534
303847,1.601
303856,1.535
303861,1.542
303865,1.58
303868,1.571
303887,1.593
303889,1.533
303890,1.549
303894,1.616
303895,1.611
303898,1.683
303903,1.518
303907,1.552
303910,1.617
303912,1.567
303913,1.612
303915,1.528
303931,1.554
303933,1.525
303936,1.513
303938,1.505
303950,1.618
303952,1.539
303955,1.528
303956,1.513
303961,1.504
303962,1.548
303968,1.53
303989,1.535
304001,1.859
304012,1.883
304013,1.633
304014,1.547
304016,1.536
304028,1.51
304032,1.564
304033,1.572
304035,1.574
304038,1.507
304044,1.529
304045,1.554
304046,1.519
304047,1.505
304048,1.599
304052,1.531
304060,1.509
304062,1.537
304072,1.57
304099,1.628
304101,1.564
304103,1.601
304109,1.563
304120,1.501
304131,1.61
304132,1.505
304135,1.585
304136,1.558
304137,1.543
304140,1.534
304161,1.523
304167,1.515
304169,1.594
304173,1.531
304176,1.584
304177,1.525
304178,1.506
304182,1.502
304183,1.589
304184,1.545
304185,1.501
304192,2.053
304193,1.538
304196,1.513
304203,1.509
304214,1.528
304233,1.603
304238,1.559
304244,1.518
304259,1.512
304263,1.551
304280,1.591
304283,1.511
304290,1.553
304310,1.593
304311,1.596
304319,1.566
304320,1.541
304326,1.595
304351,1.504
304361,1.519
304362,1.533
304363,1.553
304368,1.567
304383,1.561
304384,1.554
304387,1.649
304389,1.502
304393,1.519
304395,1.585
304403,1.511
304405,1.529
304408,1.575
304410,1.526
304411,1.57
304417,1.586
304421,1.527
304425,1.528
304458,1.57
304462,1.597
304463,1.596
304470,1.504
304484,1.529
304487,2.143
304496,1.583
304497,1.571
304518,1.523
304522,1.558
304525,1.558
304529,1.541
304551,1.555
304553,1.508
304559,1.516
304561,1.516
304562,1.518
304564,1.591
304565,1.72
304568,1.514
304569,1.572
304571,1.527
304572,1.604
304577,1.573
304578,1.616
304579,1.517
304581,1.639
304587,1.528
304594,1.54
304600,1.508
304603,1.605
304605,1.506
304615,1.508
304617,1.546
304618,1.549
304623,1.507
304625,1.512
304627,1.586
304630,1.528
304633,1.662
304663,1.551
304674,1.56
304680,1.528
304683,1.563
304688,1.512
304702,1.531
304704,1.527
304708,1.585
304713,1.586
304719,1.525
304724,1.527
304731,1.526
304748,1.538
304753,1.577
304755,1.566
304761,1.552
304767,1.507
304769,1.538
304774,1.501
304782,1.524
304785,1.607
304792,1.526
304795,1.528
304797,1.574
304808,1.511
304813,1.601
304818,1.549
304823,1.565
304827,1.524
304833,1.525
304839,1.582
304842,1.614
304847,1.572
304848,1.575
304850,1.545
304851,1.584
304853,1.503
304855,1.531
304856,1.528
304860,1.574
304867,1.515
304877,1.55
304878,1.508
304880,1.549
304892,1.543
304897,1.58
304900,1.582
304901,1.536
304908,1.51
304915,1.538
304917,1.503
304918,1.506
304919,1.501
304920,1.515
304928,1.513
304932,1.548
304934,1.545
304942,1.535
304943,1.56
304946,1.567
304947,1.57
304951,1.672
304957,1.504
304963,1.52
304969,1.505
304972,1.726
304975,1.532
304976,1.538
304979,1.555
304980,1.564
304997,1.514
304999,1.567
305005,1.586
305007,1.587
305008,1.563
305013,1.501
305018,1.518
305020,1.545
305029,2.073
305034,1.563
305035,1.614
305046,1.529
305050,1.512
305051,1.52
305055,1.51
305057,1.511
305070,1.516
305074,1.553
305078,1.538
305082,1.509
305083,1.504
305085,1.522
305089,1.52
305091,1.518
305097,1.509
305108,1.568
305109,1.584
305110,1.552
305113,1.575
305118,1.58
305119,1.542
305127,1.522
305136,2.352
305137,1.627
305149,1.504
305153,1.524
305164,1.623
305165,1.524
305166,1.528
305168,1.528
305181,1.524
305182,1.546
305191,1.503
305194,1.57
305196,1.527
305197,1.562
305202,1.503
305203,1.502
305204,1.548
305205,1.504
305206,1.51
305208,1.62
305222,1.535
305223,1.563
305224,1.575
305227,1.501
305230,1.501
305232,1.513
305233,1.558
305237,1.501
305239,1.539
305245,1.511
305246,1.591
305254,1.605
305255,1.548
305257,1.55
305273,1.558
305283,1.583
305284,1.529
305286,1.562
305288,1.509
305291,1.5
305296,1.502
305298,1.532
305301,1.628
305306,1.582
305316,1.604
305325,1.528
305340,1.54
305347,1.504
305369,1.534
305371,1.545
305382,1.55
305393,1.609
305398,1.502
305404,1.511
305417,1.572
305418,1.526
305428,1.54
305429,1.581
305437,1.58
305439,1.696
305446,1.529
305447,1.553
305451,1.555
305457,1.622
305459,1.601
305468,1.576
305474,1.536
305478,1.604
305487,1.527
305494,1.51
305500,1.504
305507,1.506
305515,1.579
305517,1.576
305519,1.514
305522,1.523
305523,1.528
305524,1.684
305525,1.551
305526,1.502
305534,1.554
305535,1.509
305539,1.533
305541,1.51
305547,1.516
305549,1.522
305553,1.506
305554,1.509
305556,1.503
305562,1.518
305564,1.713
305565,1.555
305566,1.593
305568,1.59
305587,1.507
305597,1.514
305599,1.61
305601,1.553
305602,1.592
305609,1.603
305610,1.597
305625,1.559
305648,1.518
305651,1.559
305655,1.612
305656,1.599
305657,1.56
305669,1.554
305670,1.626
305676,1.505
305680,1.556
305682,1.505
305683,1.523
305684,1.531
305695,1.51
305696,1.535
305697,1.855
305702,1.54
305705,1.526
305710,1.507
305728,1.791
305732,1.59
305756,1.52
305767,1.569
305781,1.509
305783,1.561
305785,1.574
305787,1.509
305790,1.53
305792,1.55
305794,1.608
305795,1.511
305813,1.514
305815,1.533
305816,1.716
305817,1.535
305818,1.633
305819,1.65
305822,1.512
305827,1.518
305831,1.6
305832,1.601
305833,1.539
305834,1.694
305837,1.526
305841,1.512
305844,1.529
305848,1.523
305852,1.551
305853,1.552
305855,1.946
305856,1.534
305861,1.644
305864,1.501
305865,1.519
305866,1.557
305876,1.514
305877,1.627
305879,1.503
305880,1.555
305885,1.546
305888,1.519
305893,1.573
305903,1.574
305906,1.613
305909,1.503
305911,1.635
305915,1.574
305922,1.737
305926,1.52
305944,1.544
305947,1.849
305949,1.576
305959,1.52
305960,1.571
305964,1.557
305969,2.051
305970,1.56
305971,1.531
305977,1.561
305983,1.527
305985,1.545
305986,1.56
305989,1.545
305994,1.549
306003,1.51
306008,1.602
306017,1.625
306019,1.502
306030,1.508
306031,1.51
306038,1.565
306044,1.503
306048,1.551
306056,1.6
306061,1.525
306062,1.532
306068,1.553
306083,1.504
306085,1.515
306090,1.513
306092,1.673
306095,1.554
306099,1.559
306100,1.54
306106,1.564
306109,1.636
306112,1.509
306119,1.632
306129,1.579
306131,1.525
306132,1.544
306149,1.525
306151,1.568
306153,1.504
306154,1.574
306155,1.654
306168,1.524
306173,1.531
306179,1.565
306180,1.541
306181,1.543
306187,1.525
306196,1.611
306197,1.526
306201,1.513
306202,1.506
306212,1.515
306217,1.521
306219,1.509
306240,1.535
306241,1.507
306242,1.546
306249,1.518
306250,1.521
306252,1.569
306254,1.524
306255,1.641
306256,1.588
306259,1.567
306260,1.506
306264,1.529
306272,1.515
306273,1.598
306304,1.542
306305,1.506
306309,1.507
306315,1.502
306316,1.54
306319,1.529
306320,1.677
306321,2.958
306322,1.655
306323,1.533
306325,1.51
306326,1.568
306329,1.537
306330,1.526
306331,1.609
306332,1.606
306333,1.653
306334,1.508
306336,1.58
306339,1.594
306340,1.618
306341,1.538
306344,1.575
306357,1.534
306358,1.517
306364,1.611
306372,1.526
306378,1.517
306379,2.291
306383,1.657
306384,1.633
306385,1.627
306386,1.568
306388,1.609
306389,1.588
306391,1.515
306393,1.501
306411,1.512
306425,1.531
306427,1.541
306450,1.562
306452,1.529
306455,1.559
306458,1.584
306459,1.549
306460,1.606
306461,1.503
306468,1.628
306469,1.522
306470,1.529
306475,1.515
306479,1.516
306485,1.533
306490,1.553
306493,1.527
306495,1.566
306496,1.606
306497,1.562
306498,1.531
306502,1.59
306514,1.543
306516,1.529
306527,1.601
306529,1.536
306531,1.519
306537,1.501
306538,1.567
306539,1.543
306540,1.549
306546,1.636
306553,1.6
306555,1.514
306556,1.534
306560,1.565
306575,1.522
306586,1.544
306587,1.55
306596,1.511
306597,1.505
306605,1.575
306615,1.547
306617,1.593
306619,1.537
306621,1.538
306625,1.563
306631,1.55
306637,1.507
306648,1.622
306652,1.557
306659,1.578
306667,1.589
306670,1.595
306672,1.585
306673,1.533
306675,1.569
306677,1.534
306687,1.692
306688,1.543
306690,1.557
306700,1.529
306703,1.517
306711,1.573
306714,1.516
306716,1.555
306718,1.601
306719,1.504
306724,1.634
306727,1.54
306729,1.593
306734,1.527
306736,1.94
306746,1.595
306755,1.584
306756,1.524
306757,1.611
306760,1.542
306766,1.522
306772,1.568
306774,1.51
306793,1.503
306803,1.514
306804,1.539
306807,1.586
306809,1.516
306810,1.535
306820,1.518
306844,1.579
306850,1.538
306853,1.599
306858,1.62
306864,1.525
306867,1.597
306888,1.569
306891,1.504
306929,1.521
306930,1.516
306936,1.664
306937,1.579
306939,1.704
306941,1.627
306942,1.579
306943,1.734
306944,1.505
306946,1.51
306949,1.55
306966,1.551
306967,1.546
306968,1.914
306980,1.618
306986,1.507
306992,1.534
306993,1.5
306994,1.573
306999,1.619
307000,1.658
307004,1.535
307005,1.511
307012,1.51
307018,1.549
307020,1.575
307024,1.505
307030,1.504
307034,1.527
307035,1.539
307037,1.546
307045,1.532
307048,1.587
307051,1.669
307059,1.53
307062,1.511
307065,1.683
307087,1.597
307090,1.501
307091,1.516
307093,1.501
307094,1.52
307097,1.532
307100,1.554
307104,1.585
307106,1.521
307108,1.544
307110,1.567
307117,1.609
307133,1.502
307142,1.56
307143,1.51
307148,1.562
307153,1.542
307164,1.512
307166,1.52
307176,1.505
307187,2.015
307189,1.523
307192,1.545
307199,1.504
307200,1.515
307211,1.589
307213,1.5
307215,1.597
307217,1.511
307218,1.553
307220,1.622
307222,1.58
307226,1.502
307237,1.628
307238,1.613
307239,1.649
307240,1.564
307241,1.514
307246,1.549
307251,1.546
307255,1.587
307260,1.509
307263,1.545
307264,1.598
307266,1.555
307270,1.518
307271,1.567
307276,1.509
307284,1.91
307290,1.523
307298,1.587
307299,1.537
307306,1.528
307307,1.559
307325,1.523
307332,1.533
307337,1.534
307338,1.526
307342,1.516
307344,1.539
307345,1.548
307346,1.552
307352,1.618
307353,1.577
307355,1.621
307357,1.5
307363,1.744
307364,1.516
307369,1.579
307371,1.517
307377,1.521
307380,1.593
307385,1.595
307388,1.548
307402,1.555
307411,1.582
307413,1.513
307415,1.527
307418,1.577
307420,1.501
307425,1.526
307426,1.633
307427,1.535
307446,1.526
307453,1.509
307458,1.611
307464,1.528
307469,1.564
307471,1.525
307472,1.52
307473,1.51
307481,1.749
307483,1.527
307484,1.516
307488,1.531
307491,1.542
307493,1.513
307498,1.558
307499,1.502
307500,1.554
307501,1.528
307503,1.605
307504,1.595
307506,1.66
307507,2.08
307512,1.518
307518,1.87
307524,1.518
307527,1.572
307534,1.513
307548,1.517
307551,1.559
307553,1.536
307554,1.521
307556,1.659
307563,1.506
307567,1.545
307574,1.56
307576,1.542
307589,1.503
307595,1.583
307606,1.689
307609,1.544
307614,1.517
307615,1.54
307617,1.504
307625,1.581
307626,1.529
307627,1.629
307629,1.544
307630,1.579
307631,1.543
307632,1.679
307633,1.596
307634,1.545
307635,1.518
307636,1.687
307638,1.505
307639,1.558
307641,1.515
307643,1.644
307646,1.503
307649,1.504
307651,1.611
307653,1.691
307655,1.564
307661,1.516
307668,1.526
307669,1.77
307684,1.502
307685,1.508
307690,1.521
307691,1.601
307694,1.51
307700,1.563
307703,1.51
307706,1.539
307726,1.522
307729,1.504
307731,1.505
307733,1.542
307739,1.594
307742,1.547
307754,1.537
307761,1.532
307765,1.513
307772,1.573
307775,1.533
307776,1.599
307779,1.525
307780,1.53
307781,1.696
307784,1.504
307785,1.586
307787,1.561
307790,1.562
307791,1.868
307803,1.531
307806,1.534
307812,1.514
307813,1.504
307816,1.513
307821,1.544
307823,1.502
307830,1.627
307835,1.587
307836,1.591
307839,1.523
307843,1.568
307849,1.565
307861,1.501
307866,1.545
307867,1.521
307868,1.577
307869,1.503
307882,1.562
307884,1.617
307890,1.617
307893,1.509
307897,1.637
307900,1.697
307916,1.53
307920,1.525
307922,1.593
307930,1.515
307955,1.52
307962,1.508
307969,1.589
307975,1.544
307978,1.528
307979,1.534
307980,1.679
307990,1.518
307992,1.579
307993,1.522
307998,1.653
308000,1.721
308001,1.607
308002,1.605
308005,1.538
308006,1.579
308009,1.504
308010,1.504
308014,1.524
308019,1.58
308022,1.506
308026,1.511
308045,1.562
308051,1.615
308053,1.529
308059,1.528
308061,1.551
308071,1.657
308073,1.629
308075,1.511
308080,1.503
308088,1.561
308101,1.528
308102,1.606
308104,1.535
308106,1.501
308115,1.523
308118,1.546
308128,1.509
308132,1.545
308135,1.549
308140,1.586
308141,1.595
308142,1.504
308156,1.521
308174,1.535
308175,1.51
308178,1.5
308182,1.519
308183,1.501
308213,1.518
308216,1.533
308220,1.547
308221,1.549
308230,1.591
308231,1.538
308232,1.604
308235,1.601
308236,1.556
308239,1.549
308253,1.864
308259,1.521
308266,1.516
308268,1.582
308269,1.605
308274,1.74
308276,1.525
308279,1.592
308292,1.71
308300,1.569
308308,1.574
308313,1.544
308332,1.544
308338,1.562
308345,1.523
308347,1.519
308349,1.559
308359,1.525
308360,1.517
308371,1.589
308377,1.504
308378,1.633
308386,1.573
308388,1.507
308391,1.533
308393,1.576
308394,1.517
308396,1.508
308397,1.531
308399,1.506
308405,1.559
308406,1.577
308408,1.517
308418,1.533
308422,1.579
308425,1.502
308439,1.528
308441,1.543
308449,1.525
308469,1.722
308470,1.51
308472,1.583
308477,1.546
308478,1.501
308480,1.567
308481,1.514
308487,1.511
308490,1.533
308492,1.571
308509,1.501
308511,1.613
308522,1.573
308524,1.685
308525,1.551
308533,1.582
308534,1.533
308541,1.575
308543,1.704
308561,1.584
308562,1.559
308563,1.782
308564,1.61
308565,1.713
308566,1.587
308567,1.574
308568,1.536
308570,1.557
308573,1.612
308577,1.523
308585,1.633
308586,1.508
308590,1.693
308591,1.571
308593,1.605
308603,1.533
308604,1.569
308605,1.527
308606,1.537
308607,1.604
308608,1.541
308619,1.615
308621,1.514
308629,1.605
308638,1.589
308648,1.508
308655,1.543
308657,1.51
308666,1.512
308669,1.587
308672,1.501
308673,1.531
308682,1.518
308684,1.569
308685,1.525
308686,1.557
308691,1.511
308692,1.53
308698,1.505
308699,1.587
308700,1.541
308713,1.603
308715,1.538
308717,1.506
308720,1.593
308726,1.504
308728,1.51
308750,1.542
308755,1.54
308761,1.574
308762,1.646
308763,1.506
308775,1.502
308776,1.573
308777,1.534
308781,1.553
308783,1.617
308786,1.563
308787,1.584
308794,1.547
308813,1.573
308816,1.61
308820,1.52
308823,1.599
308827,1.533
308831,1.57
308839,1.59
308847,1.806
308852,1.5
308853,1.564
308855,1.601
308857,1.588
308858,1.515
308865,1.543
308877,1.548
308885,1.565
308888,1.549
308898,1.5
308907,1.543
308912,1.594
308918,1.566
308920,1.542
308931,1.571
308933,1.525
308936,1.664
308937,1.541
308938,1.51
308939,1.538
308940,1.521
308942,1.563
308947,1.501
308950,1.531
308953,1.518
308954,1.557
308956,1.523
308958,1.554
308959,1.581
308960,1.552
308962,1.517
308968,1.504
308970,1.613
308975,1.514
308989,1.537
308990,1.587
308992,1.502
308993,1.52
309005,1.5
309006,1.512
309014,1.535
309016,1.588
309021,1.612
309039,1.548
309040,1.502
309045,1.536
309046,1.575
309049,1.552
309056,1.579
309062,1.507
309066,1.52
309071,2.322
309083,1.569
309085,1.55
309087,1.51
309099,1.524
309100,1.524
309101,1.801
309105,1.504
309114,1.534
309116,1.555
309124,1.523
309132,1.502
309134,1.561
309140,1.579
309143,1.565
309148,1.525
309155,1.576
309156,1.523
309160,1.519
309161,1.745
309163,1.7
309165,1.538
309166,1.536
309168,1.569
309170,1.61
309186,1.53
309188,1.562
309190,1.589
309191,1.549
309193,1.502
309194,1.525
309198,1.507
309209,1.733
309217,1.546
309218,1.543
309219,1.634
309237,1.573
309245,1.803
309253,1.523
309267,1.504
309268,1.509
309277,1.544
309282,1.554
309285,1.555
309288,1.547
309293,1.599
309309,1.525
309315,1.523
309316,1.543
309320,1.678
309322,1.858
309324,1.547
309326,1.51
309327,1.539
309336,1.569
309337,1.626
309348,1.538
309350,1.506
309360,1.543
309371,1.505
309374,1.526
309375,1.589
309376,1.524
309380,1.542
309381,1.529
309383,1.56
309385,1.575
309391,1.511
309393,1.554
309399,1.58
309400,1.508
309401,1.547
309403,1.631
309405,1.583
309407,1.52
309409,1.508
309412,1.567
309423,1.523
309428,1.504
309430,1.537
309431,1.561
309432,1.509
309440,1.828
309442,1.556
309443,1.606
309446,1.588
309448,1.567
309463,1.512
309467,1.551
309473,1.518
309475,1.57
309476,1.502
309478,1.618
309479,1.519
309480,1.517
309498,1.553
309503,1.514
309504,1.739
309516,1.568
309518,1.522
309531,1.542
309532,1.522
309534,1.507
309535,1.527
309538,1.516
309539,1.56
309541,1.553
309542,1.502
309552,1.55
309558,1.559
309566,1.527
309570,1.506
309582,1.56
309606,1.609
309611,1.59
309612,1.571
309614,1.504
309619,1.511
309626,1.528
309630,1.533
309636,1.514
309640,1.524
309648,1.513
309649,1.557
309655,1.615
309656,1.61
309672,1.627
309685,1.571
309687,1.554
309692,1.605
309696,1.538
309698,1.53
309704,1.577
309705,1.627
309706,1.617
309707,1.566
309708,1.6
309709,1.502
309726,1.522
309752,1.524
309753,1.521
309766,1.506
309772,1.51
309781,1.516
309791,1.556
309795,1.558
309799,1.502
309802,1.767
309815,1.546
309816,1.516
309817,1.537
309818,1.517
309819,1.558
309821,1.504
309832,1.544
309841,1.588
309842,1.576
309843,1.765
309846,1.534
309848,1.585
309852,1.54
309857,1.65
309858,1.504
309866,1.51
309871,1.563
309873,1.515
309874,1.51
309875,1.571
309881,1.513
309882,1.501
309890,1.558
309891,1.553
309892,1.521
309894,1.605
309899,1.52
309901,1.547
309903,1.571
309906,1.626
309909,1.509
309913,1.514
309921,1.525
309946,1.512
309947,1.554
309948,1.57
309949,1.596
309950,1.577
309958,1.508
309968,1.514
309976,1.543
309979,1.58
309982,1.542
309985,1.605
309991,1.538
